author,author_link,post_count,repost_count,reply_count,delete_reply_count,last_active,active_posts
liongge,https://www.chineseinla.com/user/id_2594818.html,0,96,2,0,3,0
ez2rentinla,https://www.chineseinla.com/user/id_103305.html,1,95,0,0,3,1
5684天路,https://www.chineseinla.com/user/id_2410477.html,7,72,0,0,3,1
李刘,https://www.chineseinla.com/user/id_2550366.html,0,72,1,0,3,0
jhgnu,https://www.chineseinla.com/user/id_2578203.html,5,69,3,0,3,1
shouche,https://www.chineseinla.com/user/id_2600368.html,2,62,0,0,3,1
凉水,https://www.chineseinla.com/user/id_137653.html,3,62,0,0,3,1
QiQi6000,https://www.chineseinla.com/user/id_2585544.html,0,62,0,0,3,0
741天涯人,https://www.chineseinla.com/user/id_2532855.html,1,61,0,0,3,1
yyccc,https://www.chineseinla.com/user/id_2541610.html,1,60,1,0,3,0
UFC,https://www.chineseinla.com/user/id_2596893.html,1,59,0,0,3,1
8548Kim,https://www.chineseinla.com/user/id_2585320.html,2,57,3,0,3,1
accgh,https://www.chineseinla.com/user/id_2548220.html,1,57,3,0,3,0
Jackieliu,https://www.chineseinla.com/user/id_36192.html,0,57,0,0,3,0
LexusUSA,https://www.chineseinla.com/user/id_2470190.html,0,56,1,0,3,0
lacars,https://www.chineseinla.com/user/id_402831.html,4,54,1,0,3,1
yyx5533,https://www.chineseinla.com/user/id_2584962.html,0,51,0,0,3,0
汽车维修,https://www.chineseinla.com/user/id_2563330.html,0,51,2,0,3,0
ayujie,https://www.chineseinla.com/user/id_2346434.html,0,51,0,1,3,0
tyzhong,https://www.chineseinla.com/user/id_174266.html,1,48,4,0,3,0
hjjugj,https://www.chineseinla.com/user/id_2597233.html,2,48,2,1,8,0
3866Yatihs亚蒂士智能锁,https://www.chineseinla.com/user/id_2345269.html,0,47,0,0,3,0
hui323,https://www.chineseinla.com/user/id_2562189.html,1,47,2,0,3,1
mj822928,https://www.chineseinla.com/user/id_2381112.html,2,47,0,0,3,2
JJYY999,https://www.chineseinla.com/user/id_2572206.html,2,46,0,0,3,1
Feichi,https://www.chineseinla.com/user/id_2583925.html,1,45,1,1,3,1
狐狸狐狸狐狸,https://www.chineseinla.com/user/id_2600055.html,1,45,0,0,3,1
winsonhe,https://www.chineseinla.com/user/id_2446950.html,9,45,1,0,3,3
Johnson1688,https://www.chineseinla.com/user/id_2597229.html,0,44,1,0,20,0
Davipaul,https://www.chineseinla.com/user/id_2500181.html,2,44,0,0,3,1
xuehong1,https://www.chineseinla.com/user/id_2509024.html,2,43,1,0,3,1
8799健康,https://www.chineseinla.com/user/id_2582625.html,3,43,0,0,3,1
payul,https://www.chineseinla.com/user/id_2573988.html,2,42,0,0,3,1
jackson1987,https://www.chineseinla.com/user/id_64985.html,3,42,2,0,3,1
LAILAIHAO,https://www.chineseinla.com/user/id_332657.html,1,41,0,0,3,1
hunglin369,https://www.chineseinla.com/user/id_2599776.html,7,40,1,1,3,1
Honghu9527,https://www.chineseinla.com/user/id_2586450.html,1,40,0,0,3,1
renhua11,https://www.chineseinla.com/user/id_2560718.html,0,39,0,0,3,0
XUEJIAN,https://www.chineseinla.com/user/id_2393509.html,2,39,0,0,3,2
83114real,https://www.chineseinla.com/user/id_670458.html,2,38,0,0,3,1
sesd,https://www.chineseinla.com/user/id_561577.html,0,38,0,0,3,0
maisjd,https://www.chineseinla.com/user/id_563051.html,0,37,0,0,3,0
6834幸福一生@有你,https://www.chineseinla.com/user/id_2518402.html,0,37,3,0,18,0
paygo,https://www.chineseinla.com/user/id_2576557.html,1,37,0,0,3,1
mikeusa777,https://www.chineseinla.com/user/id_2461305.html,0,36,0,0,3,0
快捷moving,https://www.chineseinla.com/user/id_238531.html,0,36,0,0,7,0
lahouses,https://www.chineseinla.com/user/id_1708164.html,0,36,0,0,3,0
3899@@@Ryan,https://www.chineseinla.com/user/id_2383059.html,2,36,1,1,3,2
linniu,https://www.chineseinla.com/user/id_2549698.html,0,35,0,0,3,0
xulijun,https://www.chineseinla.com/user/id_2524071.html,1,34,0,0,3,1
mamadema,https://www.chineseinla.com/user/id_2587433.html,0,31,0,0,3,0
大江大河1234,https://www.chineseinla.com/user/id_2481309.html,1,31,0,0,5,0
toby99,https://www.chineseinla.com/user/id_2587288.html,0,30,0,0,3,0
4971少杰,https://www.chineseinla.com/user/id_2523822.html,0,30,1,0,16,0
nihaousa2025,https://www.chineseinla.com/user/id_2604157.html,2,30,0,0,3,2
大老李123,https://www.chineseinla.com/user/id_2571897.html,1,30,0,0,3,1
李雨平,https://www.chineseinla.com/user/id_2570066.html,0,29,0,0,3,0
SHIWEI1965,https://www.chineseinla.com/user/id_2542011.html,0,29,0,0,8,0
吴佳豪,https://www.chineseinla.com/user/id_2574195.html,0,28,0,0,3,0
tianmeiyi555,https://www.chineseinla.com/user/id_2599995.html,1,28,0,0,5,0
三明,https://www.chineseinla.com/user/id_406760.html,3,27,0,0,6,0
5131靠谱DMV,https://www.chineseinla.com/user/id_674356.html,1,27,0,0,3,1
Tianyuan99,https://www.chineseinla.com/user/id_2578211.html,0,27,0,0,3,0
Elf188,https://www.chineseinla.com/user/id_2546929.html,0,27,0,0,4,0
sunnarge,https://www.chineseinla.com/user/id_2546385.html,0,27,0,0,15,0
煎饼侠123,https://www.chineseinla.com/user/id_383703.html,0,26,0,0,3,0
风生水起598,https://www.chineseinla.com/user/id_2579806.html,2,26,0,0,3,1
北美松爺,https://www.chineseinla.com/user/id_2522244.html,0,26,0,0,9,0
shaofengg,https://www.chineseinla.com/user/id_2587422.html,0,26,0,0,3,0
奈何不懂？,https://www.chineseinla.com/user/id_399152.html,0,26,1,1,3,0
Hzg,https://www.chineseinla.com/user/id_2470870.html,0,25,0,0,3,0
Kevin666888,https://www.chineseinla.com/user/id_2435577.html,1,25,1,0,3,1
8141头余装修,https://www.chineseinla.com/user/id_495580.html,0,24,0,0,8,0
Micael,https://www.chineseinla.com/user/id_2488666.html,1,24,1,1,4,0
可可托海,https://www.chineseinla.com/user/id_2597468.html,3,23,2,0,3,1
洛丽塔1,https://www.chineseinla.com/user/id_2590828.html,0,23,0,0,9,0
f5236412oolk,https://www.chineseinla.com/user/id_2579884.html,1,23,0,0,3,1
Mazda7777,https://www.chineseinla.com/user/id_2514969.html,0,23,0,0,3,0
zbmg,https://www.chineseinla.com/user/id_2573231.html,1,23,1,0,3,1
手机：6265036712,https://www.chineseinla.com/user/id_2590833.html,1,23,0,0,9,0
伊万1,https://www.chineseinla.com/user/id_2513686.html,2,22,0,0,6,0
2471苹果用户_NgWilliam,https://www.chineseinla.com/user/id_2605270.html,1,22,0,0,3,1
97896wallace,https://www.chineseinla.com/user/id_2599996.html,1,21,0,0,3,1
小ABC,https://www.chineseinla.com/user/id_1724506.html,0,21,0,0,24,0
8042JAY,https://www.chineseinla.com/user/id_2521685.html,1,21,0,0,3,1
紫禁城,https://www.chineseinla.com/user/id_2565809.html,2,21,0,0,3,1
3423晴晴,https://www.chineseinla.com/user/id_2409402.html,1,21,1,0,3,1
66553321i,https://www.chineseinla.com/user/id_2591356.html,0,20,0,0,3,0
Edgy,https://www.chineseinla.com/user/id_2604556.html,1,20,0,0,3,1
大刘哥,https://www.chineseinla.com/user/id_2600854.html,2,20,0,0,3,1
无敌ABC,https://www.chineseinla.com/user/id_355804.html,0,19,0,0,15,0
we916we大卫,https://www.chineseinla.com/user/id_352239.html,0,19,0,0,3,0
Lazhangyi,https://www.chineseinla.com/user/id_2390047.html,0,19,0,0,3,0
885364pp6,https://www.chineseinla.com/user/id_2591359.html,0,19,0,0,10,0
xiaoshitou_310,https://www.chineseinla.com/user/id_628706.html,1,19,0,0,3,1
Dehappy,https://www.chineseinla.com/user/id_375008.html,1,18,0,0,3,1
mikeusa6969,https://www.chineseinla.com/user/id_2590825.html,0,18,0,0,3,0
wangranran456,https://www.chineseinla.com/user/id_2589384.html,0,18,0,0,3,0
水手在路上,https://www.chineseinla.com/user/id_2349404.html,1,18,0,0,22,0
honghu1688,https://www.chineseinla.com/user/id_2549997.html,1,18,0,0,27,0
winnies,https://www.chineseinla.com/user/id_360227.html,0,17,0,0,22,0
876Ken₉蔡哥,https://www.chineseinla.com/user/id_2369110.html,2,17,0,0,3,1
hahaha小鱼,https://www.chineseinla.com/user/id_2581938.html,18,17,1,0,3,1
kdwong,https://www.chineseinla.com/user/id_1704607.html,5,17,0,0,9,0
8804苹果用户_YuFisher,https://www.chineseinla.com/user/id_2464154.html,0,17,0,0,27,0
wendy,https://www.chineseinla.com/user/id_418599.html,1,16,0,0,8,0
kang20221209,https://www.chineseinla.com/user/id_2593579.html,0,16,0,0,3,0
Niyusheng,https://www.chineseinla.com/user/id_161364.html,1,16,0,0,8,0
Carlcho522,https://www.chineseinla.com/user/id_211501.html,1,16,0,0,3,1
牛排店,https://www.chineseinla.com/user/id_2590261.html,4,16,1,0,3,1
Heee,https://www.chineseinla.com/user/id_2535187.html,0,16,0,0,3,0
wangjianguo,https://www.chineseinla.com/user/id_2589719.html,2,15,1,0,12,0
阳光青年1988,https://www.chineseinla.com/user/id_2408340.html,1,15,0,0,3,1
Ryan&Lily,https://www.chineseinla.com/user/id_410629.html,0,15,0,0,29,0
1943苹果用户_GULINTAO,https://www.chineseinla.com/user/id_2604835.html,1,14,0,0,5,0
7585lin,https://www.chineseinla.com/user/id_2530025.html,1,14,0,0,31,0
2768alen_wongj,https://www.chineseinla.com/user/id_2603246.html,1,14,1,0,3,1
Corinna2024,https://www.chineseinla.com/user/id_2592404.html,14,14,0,0,9,0
jack1977,https://www.chineseinla.com/user/id_601990.html,1,14,1,0,3,1
renhua22,https://www.chineseinla.com/user/id_2601036.html,1,13,1,0,7,0
Zhai John,https://www.chineseinla.com/user/id_282695.html,0,13,0,0,4,0
gjjg,https://www.chineseinla.com/user/id_2596752.html,5,13,1,0,23,0
lao杨加州,https://www.chineseinla.com/user/id_2507911.html,1,13,0,0,16,0
we869weangie,https://www.chineseinla.com/user/id_446051.html,4,13,1,0,3,1
长海橱柜批发,https://www.chineseinla.com/user/id_2588950.html,2,13,0,0,6,0
liut28072,https://www.chineseinla.com/user/id_2573014.html,1,13,0,0,6,0
卖馄饨的小阿姨,https://www.chineseinla.com/user/id_2605472.html,1,12,0,0,3,1
honghu2025,https://www.chineseinla.com/user/id_2601064.html,1,12,1,0,4,0
bo813,https://www.chineseinla.com/user/id_2501465.html,0,12,1,1,3,0
孪生红豆,https://www.chineseinla.com/user/id_151459.html,1,12,0,0,29,0
楊梅,https://www.chineseinla.com/user/id_40456.html,1,12,0,0,3,1
helennana,https://www.chineseinla.com/user/id_2547110.html,0,12,0,0,14,0
汪不小,https://www.chineseinla.com/user/id_2572242.html,1,12,0,0,6,0
jay1965,https://www.chineseinla.com/user/id_2579801.html,0,11,0,0,5,0
5530阿勇,https://www.chineseinla.com/user/id_2496286.html,2,11,0,0,3,2
mssjkashi,https://www.chineseinla.com/user/id_627983.html,3,11,0,0,3,2
WLN,https://www.chineseinla.com/user/id_2590209.html,2,11,0,0,3,1
9210苹果用户_LyuFeng,https://www.chineseinla.com/user/id_2517030.html,0,11,0,0,3,0
wbtommy,https://www.chineseinla.com/user/id_2482356.html,0,10,0,0,28,0
189Ali,https://www.chineseinla.com/user/id_2434378.html,0,10,0,0,3,0
A虽然徒步,https://www.chineseinla.com/user/id_2601730.html,1,10,0,0,8,0
Zaibarton,https://www.chineseinla.com/user/id_2604258.html,1,10,1,0,3,1
qinwei1974,https://www.chineseinla.com/user/id_267159.html,0,10,0,0,3,0
qinsun900,https://www.chineseinla.com/user/id_2547155.html,1,10,1,0,12,0
l_e_i,https://www.chineseinla.com/user/id_240908.html,1,10,2,0,23,0
lxin7379,https://www.chineseinla.com/user/id_2546556.html,3,10,0,0,8,0
tu0506,https://www.chineseinla.com/user/id_2455147.html,0,10,0,0,28,0
kdwong520,https://www.chineseinla.com/user/id_2601041.html,1,10,2,1,5,0
WuHaiHua,https://www.chineseinla.com/user/id_2369268.html,1,10,1,0,4,0
liongge99,https://www.chineseinla.com/user/id_2601584.html,1,10,1,0,3,1
老表777,https://www.chineseinla.com/user/id_2603701.html,1,9,0,0,3,1
天路行者368,https://www.chineseinla.com/user/id_2601259.html,1,9,1,0,4,0
samcn,https://www.chineseinla.com/user/id_2565503.html,0,9,1,0,9,0
9040东少,https://www.chineseinla.com/user/id_2482745.html,3,9,0,0,4,0
Gabriel911,https://www.chineseinla.com/user/id_2571335.html,0,9,0,0,3,0
Ysb燕,https://www.chineseinla.com/user/id_2598879.html,1,9,0,0,4,0
yycclife,https://www.chineseinla.com/user/id_2601040.html,1,9,2,1,5,0
Emmawang1234,https://www.chineseinla.com/user/id_2462524.html,0,9,0,0,22,0
不懂奈何99,https://www.chineseinla.com/user/id_2601261.html,1,9,1,0,5,0
新世纪123,https://www.chineseinla.com/user/id_2601047.html,2,9,0,0,3,1
绿苹果88,https://www.chineseinla.com/user/id_103525.html,2,9,0,0,3,1
对于Gv吧,https://www.chineseinla.com/user/id_2601736.html,1,9,0,0,8,0
6684音.,https://www.chineseinla.com/user/id_2491424.html,0,9,0,0,3,0
po939911,https://www.chineseinla.com/user/id_2461562.html,2,9,0,0,14,0
yangshenghappyer,https://www.chineseinla.com/user/id_2563953.html,0,9,0,0,3,0
clvyouv,https://www.chineseinla.com/user/id_2346440.html,0,9,0,0,32,0
6794阿浪,https://www.chineseinla.com/user/id_2485006.html,1,9,0,0,11,0
lin7585,https://www.chineseinla.com/user/id_2601263.html,1,9,1,0,3,1
115紫水晶,https://www.chineseinla.com/user/id_2481974.html,0,9,0,0,3,0
wweerr,https://www.chineseinla.com/user/id_2402008.html,1,9,0,0,6,0
liuliu52037,https://www.chineseinla.com/user/id_2601586.html,1,9,1,0,3,1
4168苹果用户_LLC,https://www.chineseinla.com/user/id_2600030.html,1,8,1,0,3,1
rzhang231,https://www.chineseinla.com/user/id_2522741.html,1,8,0,0,3,1
mingsong,https://www.chineseinla.com/user/id_68802.html,2,8,0,0,3,1
洛城欢欢,https://www.chineseinla.com/user/id_2600206.html,3,8,0,0,12,0
8208苹果用户_莫莫,https://www.chineseinla.com/user/id_2552541.html,1,8,0,0,5,0
天生我才必有用,https://www.chineseinla.com/user/id_2575849.html,1,8,0,0,5,0
Feichi88,https://www.chineseinla.com/user/id_2601062.html,2,8,2,0,3,1
黄道吉日,https://www.chineseinla.com/user/id_2597757.html,1,8,0,0,28,0
阿飞在美国,https://www.chineseinla.com/user/id_2596250.html,1,8,1,0,3,1
在路上了,https://www.chineseinla.com/user/id_2601043.html,1,8,1,0,20,0
横跨长江888,https://www.chineseinla.com/user/id_2605998.html,1,8,0,0,3,1
8041小CCcccc,https://www.chineseinla.com/user/id_2511069.html,136,8,3,0,3,6
潜龙飞天,https://www.chineseinla.com/user/id_2555048.html,2,7,0,0,15,0
L欧韩国泰国,https://www.chineseinla.com/user/id_2601739.html,1,7,0,0,9,0
D.Z TRUCKING INC,https://www.chineseinla.com/user/id_382882.html,0,7,0,0,21,0
盘玮,https://www.chineseinla.com/user/id_563872.html,0,7,0,0,32,0
coreintel134,https://www.chineseinla.com/user/id_2603030.html,1,7,0,0,5,0
6994爱谁谁,https://www.chineseinla.com/user/id_1708098.html,1,7,0,0,18,0
stt不在意,https://www.chineseinla.com/user/id_2598658.html,1,7,1,0,3,1
August1990,https://www.chineseinla.com/user/id_366693.html,1,7,0,0,3,1
Eeafsd,https://www.chineseinla.com/user/id_2590831.html,2,7,2,0,16,0
麦克Michael,https://www.chineseinla.com/user/id_2598571.html,0,7,2,0,16,0
mmm806234,https://www.chineseinla.com/user/id_2466351.html,1,7,0,0,14,0
星路365里路路。Mike,https://www.chineseinla.com/user/id_461516.html,1,7,0,0,3,1
绿草如茵,https://www.chineseinla.com/user/id_294711.html,1,7,2,0,6,0
we959weJohn,https://www.chineseinla.com/user/id_410408.html,1,7,0,0,3,1
少杰4972,https://www.chineseinla.com/user/id_2601587.html,1,7,1,0,3,1
truck123456,https://www.chineseinla.com/user/id_2415599.html,2,7,0,0,15,0
9676Haonan Cheng,https://www.chineseinla.com/user/id_548860.html,1,7,0,0,4,0
diyiyi,https://www.chineseinla.com/user/id_2592519.html,0,7,0,0,28,0
绿叶和女女,https://www.chineseinla.com/user/id_2595829.html,1,7,0,0,28,0
正在进行时,https://www.chineseinla.com/user/id_436157.html,1,7,0,0,27,0
艺之轩2,https://www.chineseinla.com/user/id_2537741.html,2,7,0,0,3,1
9447KingMoon⁶⁶⁶₆₆₆,https://www.chineseinla.com/user/id_2527136.html,0,7,0,1,3,0
yukiusa,https://www.chineseinla.com/user/id_2584614.html,0,7,0,0,28,0
积极吃意义,https://www.chineseinla.com/user/id_2590641.html,0,6,1,0,23,0
mingmei888999,https://www.chineseinla.com/user/id_238362.html,1,6,2,0,29,0
125云云朵朵,https://www.chineseinla.com/user/id_2431416.html,0,6,0,0,9,0
6266945345,https://www.chineseinla.com/user/id_2525083.html,0,6,0,0,21,0
liumeiling,https://www.chineseinla.com/user/id_2606035.html,1,6,0,0,3,1
TerenceMu,https://www.chineseinla.com/user/id_2591181.html,0,6,0,0,32,0
226阿杰,https://www.chineseinla.com/user/id_2477755.html,0,6,0,0,9,0
盖达,https://www.chineseinla.com/user/id_2577754.html,0,6,0,0,10,0
4018black one,https://www.chineseinla.com/user/id_2573091.html,3,6,0,0,9,0
we奕文,https://www.chineseinla.com/user/id_434939.html,1,6,0,0,3,1
二当家,https://www.chineseinla.com/user/id_2554132.html,0,6,0,0,9,0
6266940450,https://www.chineseinla.com/user/id_2514470.html,1,6,0,0,14,0
cdla,https://www.chineseinla.com/user/id_2364984.html,3,6,0,0,3,1
murrite8989,https://www.chineseinla.com/user/id_2603031.html,1,6,0,0,8,0
EugenieRealty,https://www.chineseinla.com/user/id_346981.html,1,6,0,0,17,0
1486Queen ：Facial skin ca,https://www.chineseinla.com/user/id_2457123.html,1,6,0,0,25,0
6441注册驾驶教练,https://www.chineseinla.com/user/id_587774.html,1,6,0,0,3,1
qqshania,https://www.chineseinla.com/user/id_242786.html,1,6,0,0,6,0
大风车336,https://www.chineseinla.com/user/id_2596408.html,0,6,0,0,20,0
F喊口号,https://www.chineseinla.com/user/id_2599405.html,1,6,0,0,28,0
8222苹果用户_安辉,https://www.chineseinla.com/user/id_2422492.html,1,6,0,0,21,0
elonCharles,https://www.chineseinla.com/user/id_2511043.html,4,6,0,0,9,0
6269442581,https://www.chineseinla.com/user/id_2495556.html,0,5,0,0,14,0
658幸幸,https://www.chineseinla.com/user/id_1738064.html,0,5,0,0,25,0
Genggenggeng,https://www.chineseinla.com/user/id_2566632.html,1,5,0,0,13,0
缘分世界19888,https://www.chineseinla.com/user/id_391349.html,0,5,0,0,3,0
wangLN,https://www.chineseinla.com/user/id_2602278.html,1,5,0,0,3,1
小亮的小楼,https://www.chineseinla.com/user/id_2596407.html,0,5,0,0,20,0
Pancake,https://www.chineseinla.com/user/id_2595021.html,1,5,0,0,5,0
zhuangxiu0112,https://www.chineseinla.com/user/id_2421139.html,1,5,0,0,14,0
piong09488,https://www.chineseinla.com/user/id_2457944.html,1,5,0,0,23,0
supra01,https://www.chineseinla.com/user/id_2597731.html,1,5,0,0,33,0
1903爱情ddv,https://www.chineseinla.com/user/id_2400020.html,1,5,0,0,3,1
liqinliu,https://www.chineseinla.com/user/id_2586666.html,1,5,0,0,6,0
逻辑Hi哦你,https://www.chineseinla.com/user/id_2592522.html,1,5,1,0,28,0
DongzUSC,https://www.chineseinla.com/user/id_551728.html,0,5,0,0,10,0
195Ricky,https://www.chineseinla.com/user/id_2445752.html,0,5,0,0,10,0
2398苹果用户_667e0d04f02ef,https://www.chineseinla.com/user/id_2568254.html,0,5,1,0,15,0
hualiu663,https://www.chineseinla.com/user/id_2597472.html,0,5,0,0,26,0
Camille123,https://www.chineseinla.com/user/id_2565381.html,1,5,0,0,3,1
夏天没蚊子,https://www.chineseinla.com/user/id_2585697.html,0,5,0,0,35,0
m9014099701,https://www.chineseinla.com/user/id_2404788.html,0,5,0,0,3,0
刘大路,https://www.chineseinla.com/user/id_2587317.html,1,5,0,0,26,0
Haibinz,https://www.chineseinla.com/user/id_2478039.html,1,5,0,0,3,1
配镜机会,https://www.chineseinla.com/user/id_2589151.html,0,5,0,0,29,0
北风吹12,https://www.chineseinla.com/user/id_2569389.html,0,5,0,0,35,0
歇会吧,https://www.chineseinla.com/user/id_2601050.html,1,5,0,0,20,0
Tengzhe589731,https://www.chineseinla.com/user/id_2539887.html,0,4,0,0,12,0
jack1990,https://www.chineseinla.com/user/id_227308.html,2,4,0,0,3,1
xingxing658,https://www.chineseinla.com/user/id_2601588.html,1,4,1,0,3,1
yix0818,https://www.chineseinla.com/user/id_2573063.html,1,4,0,0,20,0
兴旺婚姻会所,https://www.chineseinla.com/user/id_212325.html,1,4,0,0,3,1
5357Changxiaoyuyu,https://www.chineseinla.com/user/id_2591183.html,5,4,0,0,16,0
蛋蛋卷,https://www.chineseinla.com/user/id_2603367.html,1,4,1,0,10,0
LC2007072777,https://www.chineseinla.com/user/id_2535838.html,0,4,0,0,31,0
王和民,https://www.chineseinla.com/user/id_2587322.html,0,4,0,0,33,0
monkeyxl,https://www.chineseinla.com/user/id_68203.html,2,4,0,0,9,0
hi345,https://www.chineseinla.com/user/id_451912.html,0,4,0,0,17,0
wangrongjun,https://www.chineseinla.com/user/id_2597225.html,1,4,0,0,18,0
Huifengj,https://www.chineseinla.com/user/id_2479707.html,1,4,1,0,22,0
ZHB8,https://www.chineseinla.com/user/id_2423278.html,1,4,0,0,3,1
8877yyy,https://www.chineseinla.com/user/id_87558.html,1,4,0,0,19,0
Longpet,https://www.chineseinla.com/user/id_2511276.html,0,4,0,0,13,0
几个丰富,https://www.chineseinla.com/user/id_2589156.html,0,4,1,0,28,0
xuyadong,https://www.chineseinla.com/user/id_2563901.html,2,4,2,0,3,1
出家具,https://www.chineseinla.com/user/id_2406354.html,1,4,1,1,13,0
5734刘金峰,https://www.chineseinla.com/user/id_2499056.html,1,4,0,0,20,0
喜喜乐乐,https://www.chineseinla.com/user/id_2599182.html,1,4,0,0,16,0
LIN77,https://www.chineseinla.com/user/id_2558674.html,1,4,0,0,19,0
xiaoxiaofeng123,https://www.chineseinla.com/user/id_2606034.html,1,4,0,0,3,1
laintimelol,https://www.chineseinla.com/user/id_2467451.html,1,4,2,0,3,1
简易,https://www.chineseinla.com/user/id_2534882.html,6,4,0,0,27,0
宜美家2,https://www.chineseinla.com/user/id_2604645.html,1,4,0,0,5,0
sheep5326,https://www.chineseinla.com/user/id_2605044.html,1,4,0,0,3,1
残park大师,https://www.chineseinla.com/user/id_2544295.html,0,4,0,0,3,0
福居图,https://www.chineseinla.com/user/id_2589150.html,0,4,0,0,23,0
5562Ty.,https://www.chineseinla.com/user/id_2393420.html,1,3,0,0,8,0
3881joe,https://www.chineseinla.com/user/id_2405747.html,1,3,0,0,29,0
Limingming,https://www.chineseinla.com/user/id_2606032.html,1,3,0,0,3,1
Fghitreio,https://www.chineseinla.com/user/id_2588762.html,0,3,0,0,29,0
zlin168,https://www.chineseinla.com/user/id_2520310.html,0,3,0,0,9,0
7980一休哥,https://www.chineseinla.com/user/id_2358893.html,3,3,0,0,5,0
xxhj,https://www.chineseinla.com/user/id_1701373.html,0,3,0,0,32,0
Liuannie,https://www.chineseinla.com/user/id_179815.html,0,3,0,0,27,0
U非常适宜,https://www.chineseinla.com/user/id_2589147.html,0,3,0,0,29,0
Davidh562,https://www.chineseinla.com/user/id_2363362.html,0,3,0,0,3,0
alexbbgvip,https://www.chineseinla.com/user/id_2582773.html,2,3,0,0,6,0
futianma,https://www.chineseinla.com/user/id_2386182.html,2,3,0,0,16,0
dawang99635,https://www.chineseinla.com/user/id_2597473.html,1,3,0,0,16,0
2457270602,https://www.chineseinla.com/user/id_191779.html,0,3,0,0,37,0
6127595215,https://www.chineseinla.com/user/id_189702.html,1,3,0,0,14,0
583Kenny,https://www.chineseinla.com/user/id_2468864.html,1,3,0,0,3,1
zza98633,https://www.chineseinla.com/user/id_2461575.html,1,3,0,0,6,0
小丹尼,https://www.chineseinla.com/user/id_554344.html,0,3,0,0,38,0
罗杰松,https://www.chineseinla.com/user/id_193925.html,1,3,0,0,25,0
阿慧بحبك,https://www.chineseinla.com/user/id_363552.html,0,3,0,0,3,0
9576Sk47,https://www.chineseinla.com/user/id_1747883.html,0,3,0,0,14,0
wyy909550,https://www.chineseinla.com/user/id_2502844.html,0,3,0,0,34,0
Diana68,https://www.chineseinla.com/user/id_2461623.html,2,3,0,0,12,0
墨菲斯,https://www.chineseinla.com/user/id_2558762.html,1,3,0,0,25,0
loganfreeman,https://www.chineseinla.com/user/id_2412563.html,1,3,0,0,5,0
刘导儿～,https://www.chineseinla.com/user/id_265531.html,1,3,0,0,4,0
tonythankyou,https://www.chineseinla.com/user/id_2584462.html,1,3,1,0,6,0
liu330088,https://www.chineseinla.com/user/id_2462635.html,1,3,0,0,14,0
wenttt,https://www.chineseinla.com/user/id_2475105.html,1,3,0,0,6,0
nowornever,https://www.chineseinla.com/user/id_46.html,0,3,0,0,9,0
西二马路,https://www.chineseinla.com/user/id_2590262.html,1,3,0,0,33,0
5989bella,https://www.chineseinla.com/user/id_2377253.html,0,3,0,0,19,0
Apple5053,https://www.chineseinla.com/user/id_2458981.html,1,3,0,0,8,0
Weixvfeng,https://www.chineseinla.com/user/id_2606038.html,1,3,0,0,5,0
3765遥望星空,https://www.chineseinla.com/user/id_2595645.html,2,3,0,0,3,1
5254苹果用户_66156dd44b510,https://www.chineseinla.com/user/id_2556096.html,0,3,0,0,15,0
Liuyongqing Liu,https://www.chineseinla.com/user/id_408912.html,0,3,0,0,33,0
sheep5325,https://www.chineseinla.com/user/id_20923.html,1,3,0,0,32,0
UIUYOBehf,https://www.chineseinla.com/user/id_2601381.html,1,3,0,0,25,0
9367tina,https://www.chineseinla.com/user/id_2440875.html,1,3,0,0,3,1
jhy158,https://www.chineseinla.com/user/id_2413696.html,1,3,0,0,4,0
Rui8701,https://www.chineseinla.com/user/id_2533034.html,1,3,0,0,4,0
7886啊哈,https://www.chineseinla.com/user/id_2605834.html,1,2,0,0,8,0
ななみはり,https://www.chineseinla.com/user/id_2389678.html,1,2,0,0,3,1
liutao11,https://www.chineseinla.com/user/id_63063.html,1,2,0,0,3,1
4864走心呀,https://www.chineseinla.com/user/id_2476878.html,1,2,0,0,21,0
9861 Kimmy,https://www.chineseinla.com/user/id_2486250.html,1,2,0,0,3,1
ydz,https://www.chineseinla.com/user/id_629047.html,1,2,0,0,23,0
挥汗如雨,https://www.chineseinla.com/user/id_2545458.html,2,2,0,0,11,0
amyhannna,https://www.chineseinla.com/user/id_2533299.html,0,2,0,0,23,0
舒天佑,https://www.chineseinla.com/user/id_284030.html,0,2,0,0,10,0
玏小宝,https://www.chineseinla.com/user/id_2505233.html,1,2,0,0,22,0
andywei,https://www.chineseinla.com/user/id_68368.html,0,2,0,0,21,0
万事顺遂,https://www.chineseinla.com/user/id_2599156.html,3,2,0,0,16,0
6532好心情,https://www.chineseinla.com/user/id_2562573.html,0,2,0,0,18,0
carrielv,https://www.chineseinla.com/user/id_2445746.html,1,2,1,0,7,0
KenHuo,https://www.chineseinla.com/user/id_563712.html,0,2,0,0,3,0
zhaofangjun,https://www.chineseinla.com/user/id_2551780.html,1,2,0,0,30,0
4458Jascha,https://www.chineseinla.com/user/id_2570709.html,0,2,0,0,37,0
yyvava,https://www.chineseinla.com/user/id_401053.html,1,2,0,0,3,1
7251Steven,https://www.chineseinla.com/user/id_676233.html,1,2,0,0,12,0
7344凯哥,https://www.chineseinla.com/user/id_1714420.html,0,2,0,0,32,0
zzzzzz4310,https://www.chineseinla.com/user/id_275535.html,1,2,0,0,3,1
Lwj0427,https://www.chineseinla.com/user/id_2535378.html,1,2,0,0,32,0
gaoman4304,https://www.chineseinla.com/user/id_584289.html,1,2,0,0,16,0
Kkkkwang,https://www.chineseinla.com/user/id_2447094.html,1,2,0,0,20,0
yukkwan,https://www.chineseinla.com/user/id_2604278.html,1,2,0,0,16,0
Kimrg00003,https://www.chineseinla.com/user/id_403131.html,0,2,0,0,6,0
Kris123456789,https://www.chineseinla.com/user/id_2350463.html,1,2,0,0,3,1
王明豪,https://www.chineseinla.com/user/id_2587318.html,0,2,0,0,35,0
成功1,https://www.chineseinla.com/user/id_149317.html,2,2,1,0,3,1
bjmzy,https://www.chineseinla.com/user/id_2551808.html,0,2,0,0,3,0
Oqertyy,https://www.chineseinla.com/user/id_2588657.html,1,2,0,0,29,0
wangxinrui,https://www.chineseinla.com/user/id_2606033.html,1,2,0,0,4,0
556dfgdeq,https://www.chineseinla.com/user/id_2588272.html,0,2,0,0,28,0
FurmaMattress,https://www.chineseinla.com/user/id_226033.html,0,2,0,0,3,0
qq582002525,https://www.chineseinla.com/user/id_2596314.html,3,2,1,0,3,0
626766,https://www.chineseinla.com/user/id_401810.html,1,2,0,0,15,0
8559潘建鹏,https://www.chineseinla.com/user/id_2589952.html,0,2,0,0,28,0
sarafeng,https://www.chineseinla.com/user/id_46061.html,0,2,0,0,3,0
Lucas6602,https://www.chineseinla.com/user/id_2511555.html,0,2,0,0,15,0
Daisy2020,https://www.chineseinla.com/user/id_2353394.html,0,2,0,0,19,0
柴油发电机,https://www.chineseinla.com/user/id_2429799.html,0,2,0,0,18,0
bennyfang888,https://www.chineseinla.com/user/id_116917.html,0,2,0,0,26,0
boos打怪兽,https://www.chineseinla.com/user/id_2559338.html,2,2,0,0,11,0
3335秦凤,https://www.chineseinla.com/user/id_2404143.html,0,2,0,0,37,0
jim6858,https://www.chineseinla.com/user/id_34475.html,1,2,0,0,26,0
7595峰哥,https://www.chineseinla.com/user/id_2543493.html,0,2,0,0,15,0
ruyi2028,https://www.chineseinla.com/user/id_2594767.html,1,2,0,0,26,0
zhaxiqi,https://www.chineseinla.com/user/id_2497555.html,1,2,0,0,3,1
3115小东北 @ 二明,https://www.chineseinla.com/user/id_1701153.html,0,2,0,0,29,0
xin264442,https://www.chineseinla.com/user/id_2573061.html,1,2,0,0,33,0
080906,https://www.chineseinla.com/user/id_2571203.html,1,2,0,0,30,0
老文,https://www.chineseinla.com/user/id_1708313.html,0,2,0,0,27,0
空调强哥,https://www.chineseinla.com/user/id_2377299.html,0,2,0,0,3,0
Antique2020,https://www.chineseinla.com/user/id_2388621.html,1,1,0,0,16,0
8096CallMe小贱贱And串串,https://www.chineseinla.com/user/id_2406475.html,1,1,0,0,15,0
8526李先生,https://www.chineseinla.com/user/id_2512361.html,1,1,0,0,6,0
7399Kerrrrrrrrrr,https://www.chineseinla.com/user/id_1714814.html,1,1,0,0,7,0
puma649,https://www.chineseinla.com/user/id_351912.html,0,1,0,0,15,0
1796Ray | 黄石的孩子,https://www.chineseinla.com/user/id_581048.html,0,1,1,0,6,0
演之次郎,https://www.chineseinla.com/user/id_1700378.html,1,1,0,0,20,0
zhangye773465,https://www.chineseinla.com/user/id_2395020.html,1,1,0,0,20,0
we亮仔,https://www.chineseinla.com/user/id_462038.html,1,1,0,0,8,0
白毛浮绿水,https://www.chineseinla.com/user/id_2604676.html,1,1,0,0,13,0
zidan99632,https://www.chineseinla.com/user/id_2598134.html,1,1,0,0,17,0
7517就是我SS,https://www.chineseinla.com/user/id_551284.html,1,1,0,0,21,0
bliuyoub,https://www.chineseinla.com/user/id_1710922.html,0,1,0,0,20,0
阳光青年,https://www.chineseinla.com/user/id_2391421.html,1,1,0,0,12,0
Aaron,https://www.chineseinla.com/user/id_306107.html,0,1,0,0,21,0
wojiushifenglei,https://www.chineseinla.com/user/id_2470199.html,2,1,0,0,14,0
4415天晴与阴天,https://www.chineseinla.com/user/id_2521162.html,1,1,0,0,18,0
olddeng,https://www.chineseinla.com/user/id_2525860.html,1,1,0,0,16,0
shanpao,https://www.chineseinla.com/user/id_2388949.html,1,1,0,0,6,0
Dikahe,https://www.chineseinla.com/user/id_2590167.html,1,1,2,0,3,1
1496,https://www.chineseinla.com/user/id_2484640.html,0,1,0,0,18,0
szrobsmile,https://www.chineseinla.com/user/id_13638.html,1,1,0,0,20,0
9319大碗,https://www.chineseinla.com/user/id_2603977.html,2,1,0,0,6,0
we9415,https://www.chineseinla.com/user/id_2483680.html,1,1,0,0,6,0
762追风少年,https://www.chineseinla.com/user/id_2490018.html,3,1,0,0,17,0
1391摆渡人,https://www.chineseinla.com/user/id_2369698.html,0,1,0,0,13,0
3087Andrew,https://www.chineseinla.com/user/id_2561299.html,1,1,0,0,7,0
levite,https://www.chineseinla.com/user/id_160460.html,1,1,0,0,15,0
davidyichai,https://www.chineseinla.com/user/id_2411262.html,2,1,0,0,3,1
camellia186,https://www.chineseinla.com/user/id_2575156.html,0,1,0,0,13,0
6083境锾,https://www.chineseinla.com/user/id_2549661.html,1,1,0,0,28,0
kinaszhou,https://www.chineseinla.com/user/id_2599575.html,1,1,0,0,19,0
1357聖莎蘭,https://www.chineseinla.com/user/id_2507443.html,1,1,0,0,5,0
qaq23408,https://www.chineseinla.com/user/id_2460973.html,4,1,0,0,23,0
laoxiernoodle,https://www.chineseinla.com/user/id_282388.html,1,1,0,0,3,1
soh132,https://www.chineseinla.com/user/id_2600861.html,21,1,1,0,5,0
agnes1,https://www.chineseinla.com/user/id_415456.html,2,1,0,0,22,0
jhdcorp,https://www.chineseinla.com/user/id_2437395.html,1,1,0,0,27,0
1101温暖,https://www.chineseinla.com/user/id_2515183.html,0,1,1,0,22,0
5994红日,https://www.chineseinla.com/user/id_575626.html,1,1,0,0,6,0
4253明明,https://www.chineseinla.com/user/id_1725670.html,1,1,1,0,29,0
liangshidong,https://www.chineseinla.com/user/id_2508922.html,0,1,0,0,36,0
qyx07008,https://www.chineseinla.com/user/id_2601501.html,1,1,0,0,30,0
Z我而优雅,https://www.chineseinla.com/user/id_2588978.html,0,1,0,0,29,0
N请问日日,https://www.chineseinla.com/user/id_2588990.html,0,1,0,0,29,0
xxnh88,https://www.chineseinla.com/user/id_555333.html,0,1,0,0,7,0
5060jackson,https://www.chineseinla.com/user/id_2594145.html,2,1,0,0,25,0
5940Colonel Darcy,https://www.chineseinla.com/user/id_2520741.html,1,1,0,0,26,0
9890哈尼,https://www.chineseinla.com/user/id_2476247.html,1,1,0,0,4,0
Wolfie,https://www.chineseinla.com/user/id_451926.html,1,1,0,0,32,0
MINWANGMINWANG,https://www.chineseinla.com/user/id_2469992.html,1,1,0,0,31,0
Pcm2020,https://www.chineseinla.com/user/id_2399033.html,0,1,0,0,27,0
wanjianchuanxin,https://www.chineseinla.com/user/id_2600032.html,4,1,0,0,32,0
2784良辰星舞,https://www.chineseinla.com/user/id_2497022.html,1,1,0,0,3,1
5403不是梦,https://www.chineseinla.com/user/id_2556912.html,2,1,1,0,35,0
4386༼ ࿅࿆ jigme ྃwangdor࿄࿆,https://www.chineseinla.com/user/id_2504152.html,1,1,0,0,35,0
liufei111,https://www.chineseinla.com/user/id_155589.html,1,1,0,0,3,1
219镕太一,https://www.chineseinla.com/user/id_2532124.html,0,1,2,0,35,0
thomaschen72,https://www.chineseinla.com/user/id_109890.html,0,1,0,0,37,0
vwgroupbrand,https://www.chineseinla.com/user/id_1717462.html,0,1,0,0,3,0
solcalcar,https://www.chineseinla.com/user/id_2565008.html,0,1,0,0,36,0
7172阳光,https://www.chineseinla.com/user/id_2483197.html,1,1,0,0,3,1
bjrshf,https://www.chineseinla.com/user/id_412405.html,1,1,0,0,33,0
8075Andy,https://www.chineseinla.com/user/id_2579677.html,1,1,1,0,9,0
kevin119,https://www.chineseinla.com/user/id_155087.html,0,1,0,0,4,0
MarkWo,https://www.chineseinla.com/user/id_2582411.html,1,1,0,0,34,0
udeservebetter,https://www.chineseinla.com/user/id_337515.html,1,1,0,0,3,1
4293Wasabi,https://www.chineseinla.com/user/id_2455960.html,1,1,1,0,13,0
Edensor,https://www.chineseinla.com/user/id_2441193.html,1,1,0,0,27,0
viktortan,https://www.chineseinla.com/user/id_2490948.html,2,1,0,0,7,0
Fiona91,https://www.chineseinla.com/user/id_307643.html,0,1,0,0,31,0
Liuliuqiu,https://www.chineseinla.com/user/id_2462902.html,1,1,0,0,9,0
cky,https://www.chineseinla.com/user/id_631418.html,0,1,0,0,25,0
AlKao,https://www.chineseinla.com/user/id_2540928.html,2,1,0,0,10,0
hovsco,https://www.chineseinla.com/user/id_2457161.html,1,1,0,0,23,0
aying,https://www.chineseinla.com/user/id_140673.html,2,1,0,0,21,0
dancao,https://www.chineseinla.com/user/id_2468116.html,1,1,0,0,10,0
Jerry1688,https://www.chineseinla.com/user/id_2581353.html,1,1,0,0,23,0
G进口可能,https://www.chineseinla.com/user/id_2601726.html,1,1,0,0,24,0
2744John,https://www.chineseinla.com/user/id_2572701.html,1,1,0,0,24,0
dp2023,https://www.chineseinla.com/user/id_2497991.html,3,1,0,0,9,0
gigixia1102,https://www.chineseinla.com/user/id_2446080.html,1,1,0,0,20,0
Amyl,https://www.chineseinla.com/user/id_264546.html,1,1,0,0,7,0
chenxhb,https://www.chineseinla.com/user/id_2345119.html,0,1,0,0,25,0
G就恐慌,https://www.chineseinla.com/user/id_2599404.html,1,1,1,0,24,0
挺尴尬的时光,https://www.chineseinla.com/user/id_2595831.html,1,0,0,0,6,0
默默支持,https://www.chineseinla.com/user/id_2588866.html,1,0,0,0,3,1
前后看看,https://www.chineseinla.com/user/id_2595833.html,1,0,0,0,6,0
6539Terence,https://www.chineseinla.com/user/id_2438214.html,1,0,0,0,4,0
Gemini杰,https://www.chineseinla.com/user/id_2561579.html,1,0,0,0,11,0
9208亮liang,https://www.chineseinla.com/user/id_2489931.html,1,0,0,0,14,0
yair,https://www.chineseinla.com/user/id_2502062.html,1,0,0,0,4,0
回复电话,https://www.chineseinla.com/user/id_2595835.html,1,0,0,0,6,0
JINXIAOWODE,https://www.chineseinla.com/user/id_2596856.html,1,0,0,0,14,0
唱歌喝酒,https://www.chineseinla.com/user/id_2595838.html,1,0,0,0,6,0
fufufu,https://www.chineseinla.com/user/id_2519426.html,1,0,0,0,4,0
沉沉,https://www.chineseinla.com/user/id_2491105.html,1,0,0,0,4,0
3490Fans,https://www.chineseinla.com/user/id_2495728.html,1,0,0,0,4,0
tengagw,https://www.chineseinla.com/user/id_459035.html,1,0,0,0,10,0
四马路刚子,https://www.chineseinla.com/user/id_11934.html,1,0,0,0,14,0
Francis6558,https://www.chineseinla.com/user/id_2595002.html,1,0,0,0,14,0
2847银河的Emperor,https://www.chineseinla.com/user/id_2605848.html,1,0,0,0,8,0
1636joyance,https://www.chineseinla.com/user/id_2606432.html,2,0,0,0,3,1
PAMCHO,https://www.chineseinla.com/user/id_2527063.html,2,0,1,0,3,1
1442Zhou Dao,https://www.chineseinla.com/user/id_2514366.html,1,0,0,0,3,1
bboy1991,https://www.chineseinla.com/user/id_2607170.html,1,0,0,0,3,1
4998天天,https://www.chineseinla.com/user/id_2604622.html,1,0,0,0,14,0
31Elena,https://www.chineseinla.com/user/id_2592271.html,1,0,0,0,11,0
we707weJessie,https://www.chineseinla.com/user/id_458003.html,1,0,0,0,3,1
我有好车,https://www.chineseinla.com/user/id_2475946.html,1,0,0,0,3,1
吴小兵,https://www.chineseinla.com/user/id_403030.html,1,0,0,0,3,1
2544苹果用户_lixiaoya,https://www.chineseinla.com/user/id_2537164.html,2,0,0,0,14,0
5068浮誇,https://www.chineseinla.com/user/id_2492096.html,1,0,0,0,3,1
4315在路上,https://www.chineseinla.com/user/id_1739159.html,1,0,1,0,3,1
vivianyue,https://www.chineseinla.com/user/id_623082.html,1,0,0,0,15,0
kevinchien0909,https://www.chineseinla.com/user/id_1733780.html,1,0,0,0,15,0
Coco Queen,https://www.chineseinla.com/user/id_397774.html,1,0,0,0,3,1
2538猫猫,https://www.chineseinla.com/user/id_1718406.html,1,0,0,0,15,0
Jeebar,https://www.chineseinla.com/user/id_2595904.html,1,0,0,0,3,1
BXW,https://www.chineseinla.com/user/id_2604543.html,1,0,0,0,15,0
xueru,https://www.chineseinla.com/user/id_92474.html,1,0,0,0,3,1
1722老于（剑学）,https://www.chineseinla.com/user/id_2594651.html,0,0,1,0,11,0
Qiangfang,https://www.chineseinla.com/user/id_2482743.html,2,0,0,0,9,0
4374佛不渡人人自渡,https://www.chineseinla.com/user/id_2509593.html,1,0,1,0,3,1
3320aholic 沉迷者,https://www.chineseinla.com/user/id_2381412.html,1,0,0,0,14,0
david1118,https://www.chineseinla.com/user/id_2510680.html,1,0,0,0,11,0
42手冢国光,https://www.chineseinla.com/user/id_2544958.html,1,0,0,0,5,0
8404贵在坚持,https://www.chineseinla.com/user/id_2604688.html,3,0,0,0,3,1
Luhu（auto）,https://www.chineseinla.com/user/id_2589419.html,1,0,0,0,9,0
me0088,https://www.chineseinla.com/user/id_382166.html,0,0,1,0,12,0
DWZhang,https://www.chineseinla.com/user/id_2581482.html,1,0,0,0,8,0
刘晓晓003,https://www.chineseinla.com/user/id_2596225.html,0,0,1,0,9,0
4799Jack Chen,https://www.chineseinla.com/user/id_1721356.html,1,0,0,0,7,0
angelawang821,https://www.chineseinla.com/user/id_97032.html,1,0,0,0,7,0
Liucleo,https://www.chineseinla.com/user/id_2605299.html,1,0,5,0,6,0
xdr,https://www.chineseinla.com/user/id_267900.html,1,0,0,0,7,0
洛杉矶猪哥,https://www.chineseinla.com/user/id_2586639.html,1,0,0,0,14,0
fzpllc,https://www.chineseinla.com/user/id_496205.html,1,0,0,0,9,0
自由钢铁之翼,https://www.chineseinla.com/user/id_2486987.html,1,0,0,0,10,0
小勇,https://www.chineseinla.com/user/id_2522290.html,1,0,0,0,7,0
fan87,https://www.chineseinla.com/user/id_2605107.html,1,0,0,0,12,0
手拨竹笋炒肉,https://www.chineseinla.com/user/id_2534658.html,1,0,0,0,13,0
andrewchungkwong,https://www.chineseinla.com/user/id_476498.html,1,0,0,0,11,0
4484LA空调销售安装维修服务,https://www.chineseinla.com/user/id_2508546.html,1,0,0,0,8,0
GreenBay,https://www.chineseinla.com/user/id_2413521.html,1,0,0,0,8,0
6266937339,https://www.chineseinla.com/user/id_2555162.html,1,0,0,0,12,0
758898lulu,https://www.chineseinla.com/user/id_2605785.html,1,0,0,0,9,0
bohrtb,https://www.chineseinla.com/user/id_2605921.html,1,0,0,0,8,0
should,https://www.chineseinla.com/user/id_2595078.html,1,0,0,0,11,0
LC377,https://www.chineseinla.com/user/id_2563520.html,1,0,0,0,11,0
流浪的菠萝,https://www.chineseinla.com/user/id_2605225.html,1,0,0,0,8,0
6BYL9E,https://www.chineseinla.com/user/id_2604886.html,1,0,0,0,14,0
2465苹果用户_wanwenxuan,https://www.chineseinla.com/user/id_2568808.html,1,0,0,0,7,0
9088johnny,https://www.chineseinla.com/user/id_563610.html,1,0,0,0,5,0
6262779966,https://www.chineseinla.com/user/id_599237.html,1,0,0,0,5,0
5966苹果用户_雷帅杰,https://www.chineseinla.com/user/id_2537231.html,1,0,0,0,14,0
yanzhifei,https://www.chineseinla.com/user/id_2550747.html,2,0,0,0,3,1
ChaoyangLuo,https://www.chineseinla.com/user/id_2504602.html,1,0,0,0,12,0
折耳鸮,https://www.chineseinla.com/user/id_2542895.html,1,0,0,0,5,0
MAMINGZE,https://www.chineseinla.com/user/id_2605602.html,1,0,0,0,9,0
小魏烧烤,https://www.chineseinla.com/user/id_667691.html,2,0,0,0,6,0
Jack2023,https://www.chineseinla.com/user/id_2572377.html,1,0,1,1,13,0
yitianyitian,https://www.chineseinla.com/user/id_2606408.html,7,0,0,0,3,3
7687苹果用户_Maoyou,https://www.chineseinla.com/user/id_2541634.html,2,0,0,0,3,1
nqjj99,https://www.chineseinla.com/user/id_2517330.html,1,0,0,0,9,0
Ryweninla,https://www.chineseinla.com/user/id_2407247.html,1,0,0,0,9,0
Ann Hsu,https://www.chineseinla.com/user/id_416041.html,1,0,0,0,7,0
5531白老七他三叔,https://www.chineseinla.com/user/id_2606311.html,1,0,0,0,6,0
youlike,https://www.chineseinla.com/user/id_2603863.html,2,0,0,0,3,1
cyt0,https://www.chineseinla.com/user/id_1699384.html,1,0,0,0,8,0
wyn520,https://www.chineseinla.com/user/id_1699379.html,1,0,0,0,8,0
5804赵友友,https://www.chineseinla.com/user/id_2569109.html,3,0,0,0,6,0
awdbbg,https://www.chineseinla.com/user/id_2525347.html,1,0,0,0,11,0
LeeJordanCool,https://www.chineseinla.com/user/id_2571891.html,1,0,0,0,9,0
huachunye,https://www.chineseinla.com/user/id_2496314.html,1,0,0,0,13,0
9419Queenie,https://www.chineseinla.com/user/id_2454321.html,1,0,0,0,6,0
精神,https://www.chineseinla.com/user/id_342861.html,1,0,0,0,7,0
9336李查理,https://www.chineseinla.com/user/id_1700125.html,1,0,0,0,6,0
9783辋川雨,https://www.chineseinla.com/user/id_2595129.html,1,0,0,0,0,0
漂泊的小舟,https://www.chineseinla.com/user/id_2604347.html,2,0,0,0,8,0
Jdhydvx,https://www.chineseinla.com/user/id_2595114.html,1,0,0,0,35,0
DuDu122,https://www.chineseinla.com/user/id_2408063.html,0,0,2,0,29,0
kkll2233,https://www.chineseinla.com/user/id_2601172.html,1,0,0,0,32,0
收货,https://www.chineseinla.com/user/id_2462605.html,1,0,1,0,18,0
jiansiwu,https://www.chineseinla.com/user/id_2561213.html,1,0,0,0,32,0
5936Wellauto-小吴,https://www.chineseinla.com/user/id_2578927.html,2,0,0,0,16,0
david.chen@,https://www.chineseinla.com/user/id_2455715.html,3,0,0,0,30,0
8312薛明辉,https://www.chineseinla.com/user/id_2567339.html,1,0,0,0,33,0
marryxue,https://www.chineseinla.com/user/id_2389057.html,2,0,0,0,26,0
973093,https://www.chineseinla.com/user/id_2600715.html,3,0,0,0,9,0
mia123123,https://www.chineseinla.com/user/id_2587277.html,1,0,0,0,33,0
netspy007,https://www.chineseinla.com/user/id_2539830.html,1,0,0,0,34,0
kathy582009,https://www.chineseinla.com/user/id_488588.html,1,0,0,0,32,0
6269442706,https://www.chineseinla.com/user/id_2601026.html,1,0,0,0,33,0
KNVKJSFCJNkjnf,https://www.chineseinla.com/user/id_2583266.html,3,0,0,0,21,0
zeweizhao,https://www.chineseinla.com/user/id_2425141.html,1,0,0,0,34,0
洛杉矶迪斯尼,https://www.chineseinla.com/user/id_2600458.html,1,0,0,0,36,0
angelia111,https://www.chineseinla.com/user/id_2430800.html,1,0,1,0,11,0
比特币,https://www.chineseinla.com/user/id_2476469.html,2,0,0,0,26,0
wangzhea,https://www.chineseinla.com/user/id_2599440.html,5,0,2,0,5,0
9502北美联合,https://www.chineseinla.com/user/id_2579240.html,1,0,1,0,30,0
7949念,https://www.chineseinla.com/user/id_2499489.html,2,0,1,0,22,0
2209苹果用户_JLewis,https://www.chineseinla.com/user/id_2594523.html,1,0,0,0,27,0
6377Shawn-Tree,https://www.chineseinla.com/user/id_2407627.html,1,0,1,0,28,0
6184weixin7734,https://www.chineseinla.com/user/id_2359039.html,1,0,0,0,29,0
1730Samuel,https://www.chineseinla.com/user/id_2594729.html,2,0,0,0,29,0
we697wejack,https://www.chineseinla.com/user/id_382374.html,3,0,0,0,26,0
1279小姜护肤彩妆健康老师,https://www.chineseinla.com/user/id_1727902.html,1,0,0,0,28,0
那不你还不,https://www.chineseinla.com/user/id_2600250.html,1,0,0,0,28,0
MollyH,https://www.chineseinla.com/user/id_2601579.html,1,0,0,0,30,0
3542弥色摄影工作室,https://www.chineseinla.com/user/id_470562.html,1,0,0,0,30,0
6485Zhiqiang Yao,https://www.chineseinla.com/user/id_2458220.html,1,0,0,0,30,0
2523黄林清,https://www.chineseinla.com/user/id_2562426.html,1,0,0,0,29,0
mousemen,https://www.chineseinla.com/user/id_289872.html,1,0,0,0,30,0
jiaodianyi,https://www.chineseinla.com/user/id_2490706.html,1,0,0,0,31,0
Lsir,https://www.chineseinla.com/user/id_2588539.html,22,0,0,0,15,0
2424Alina,https://www.chineseinla.com/user/id_2591892.html,1,0,0,0,30,0
trucking360,https://www.chineseinla.com/user/id_2498555.html,1,0,0,0,30,0
Dorn,https://www.chineseinla.com/user/id_2533395.html,1,0,0,0,35,0
吴晓东9,https://www.chineseinla.com/user/id_2587330.html,1,0,0,0,35,0
sincerezhencheng,https://www.chineseinla.com/user/id_235603.html,4,0,0,0,3,1
max马,https://www.chineseinla.com/user/id_2567411.html,1,0,0,0,33,0
5348飞向自由-15590023396,https://www.chineseinla.com/user/id_2600195.html,1,0,0,0,36,0
914870097,https://www.chineseinla.com/user/id_126279.html,1,0,0,0,36,0
一副如此,https://www.chineseinla.com/user/id_2595827.html,1,0,1,0,38,0
AugustK,https://www.chineseinla.com/user/id_2580829.html,1,0,0,0,37,0
4233重楼,https://www.chineseinla.com/user/id_2448317.html,1,0,0,0,36,0
jiahe1989,https://www.chineseinla.com/user/id_156517.html,1,0,0,0,38,0
9191胖丁,https://www.chineseinla.com/user/id_2595807.html,2,0,1,0,36,0
Redcar,https://www.chineseinla.com/user/id_2560873.html,1,0,0,0,37,0
卖车Corolla2009,https://www.chineseinla.com/user/id_2599834.html,1,0,1,0,37,0
g602121536,https://www.chineseinla.com/user/id_271458.html,1,0,0,0,38,0
AndyHe123,https://www.chineseinla.com/user/id_2556580.html,1,0,0,0,37,0
7911Ｑ.,https://www.chineseinla.com/user/id_2596847.html,10,0,0,0,3,2
STI15,https://www.chineseinla.com/user/id_2583611.html,1,0,0,0,39,0
weMary,https://www.chineseinla.com/user/id_281671.html,1,0,0,0,39,0
lax1,https://www.chineseinla.com/user/id_2579566.html,1,0,0,0,39,0
ahl5020408,https://www.chineseinla.com/user/id_2369781.html,1,0,0,0,39,0
yldecn,https://www.chineseinla.com/user/id_82923.html,1,0,0,0,0,0
E而我欧,https://www.chineseinla.com/user/id_2588647.html,1,0,0,0,38,0
R头一回哦,https://www.chineseinla.com/user/id_2588649.html,1,0,0,0,38,0
LJB,https://www.chineseinla.com/user/id_2600209.html,1,0,0,0,36,0
az11123；,https://www.chineseinla.com/user/id_2600307.html,3,0,0,0,30,0
zp2023,https://www.chineseinla.com/user/id_2523245.html,1,0,0,0,35,0
177Michael Gu,https://www.chineseinla.com/user/id_2600675.html,1,0,2,0,29,0
auvBirdy,https://www.chineseinla.com/user/id_591751.html,1,0,0,0,34,0
5104西海岸老梁,https://www.chineseinla.com/user/id_2476407.html,2,0,0,0,34,0
Mw而有人,https://www.chineseinla.com/user/id_2588991.html,0,0,1,0,33,0
利未,https://www.chineseinla.com/user/id_2598472.html,60,0,1,0,3,5
卡卡西里,https://www.chineseinla.com/user/id_2600245.html,1,0,0,0,37,0
jian321,https://www.chineseinla.com/user/id_2487639.html,1,0,0,0,36,0
Y请问我哦,https://www.chineseinla.com/user/id_2588653.html,1,0,0,0,38,0
xiaochaochao,https://www.chineseinla.com/user/id_2598548.html,7,0,3,0,12,0
zeeye,https://www.chineseinla.com/user/id_33701.html,3,0,0,0,15,0
2530苹果用户_ShiNa,https://www.chineseinla.com/user/id_2600350.html,1,0,0,0,37,0
pan991,https://www.chineseinla.com/user/id_2575752.html,2,0,0,0,27,0
猪仔,https://www.chineseinla.com/user/id_315555.html,1,0,0,0,38,0
8421梅老师｜9Ｇ公共政策咨询,https://www.chineseinla.com/user/id_2454403.html,2,0,0,0,9,0
背后剧场b,https://www.chineseinla.com/user/id_2595826.html,1,0,0,0,38,0
我爱小卟叽,https://www.chineseinla.com/user/id_302699.html,1,0,0,0,27,0
艾IRENE琳职业经纪人邦尼职介中心,https://www.chineseinla.com/user/id_449467.html,1,0,0,0,28,0
zypcliff,https://www.chineseinla.com/user/id_2604339.html,1,0,0,0,16,0
梦立方建筑装饰,https://www.chineseinla.com/user/id_495320.html,1,0,0,0,20,0
bin5566,https://www.chineseinla.com/user/id_2593119.html,1,0,0,0,18,0
1408亦花坊Flowers,https://www.chineseinla.com/user/id_2579052.html,1,0,0,0,18,0
2414干净,https://www.chineseinla.com/user/id_2603873.html,1,0,0,0,19,0
9762烟火,https://www.chineseinla.com/user/id_2564364.html,1,0,0,0,20,0
1984fenny3553,https://www.chineseinla.com/user/id_2366546.html,2,0,0,0,18,0
5185模样,https://www.chineseinla.com/user/id_2603684.html,1,0,0,0,20,0
6992ENA | 诚信汽车官微,https://www.chineseinla.com/user/id_2603840.html,1,0,0,0,20,0
yoni,https://www.chineseinla.com/user/id_398503.html,1,0,0,0,19,0
5655Makdi,https://www.chineseinla.com/user/id_2558075.html,1,0,0,0,18,0
CHinLA999,https://www.chineseinla.com/user/id_2503634.html,1,0,0,0,18,0
2474200秒的日落,https://www.chineseinla.com/user/id_2490477.html,1,0,0,0,19,0
9804aangietang,https://www.chineseinla.com/user/id_2406943.html,1,0,0,0,20,0
2229Alice Lin,https://www.chineseinla.com/user/id_2603647.html,1,0,0,0,20,0
Kingsley9205,https://www.chineseinla.com/user/id_2557879.html,1,0,0,0,20,0
9656苹果用户_叶达华,https://www.chineseinla.com/user/id_2598606.html,1,0,0,0,19,0
4785前男友,https://www.chineseinla.com/user/id_554950.html,1,0,0,0,13,0
LA搜车团队,https://www.chineseinla.com/user/id_362697.html,1,0,0,0,19,0
zhangshengtai,https://www.chineseinla.com/user/id_241668.html,1,0,0,0,18,0
6165Jeff,https://www.chineseinla.com/user/id_493057.html,1,0,0,0,18,0
DCExpress,https://www.chineseinla.com/user/id_2513096.html,2,0,0,0,15,0
tt1226,https://www.chineseinla.com/user/id_2560036.html,1,0,0,0,16,0
dehuasun,https://www.chineseinla.com/user/id_589084.html,2,0,0,0,16,0
我心飞翔2000,https://www.chineseinla.com/user/id_2604431.html,2,0,0,0,16,0
Jianglun,https://www.chineseinla.com/user/id_2602736.html,2,0,0,0,12,0
FlagWhite,https://www.chineseinla.com/user/id_1725652.html,1,0,1,0,16,0
洛城太阳,https://www.chineseinla.com/user/id_90510.html,1,0,0,0,15,0
寻找失去的惆怅,https://www.chineseinla.com/user/id_2457549.html,1,0,0,0,15,0
9548rich,https://www.chineseinla.com/user/id_2559196.html,1,0,0,0,15,0
澈叶蓝柠,https://www.chineseinla.com/user/id_2604387.html,1,0,0,0,17,0
Angelabigbaby,https://www.chineseinla.com/user/id_2479592.html,0,0,1,0,17,0
jianghawk,https://www.chineseinla.com/user/id_115329.html,1,0,0,0,17,0
dan_qian,https://www.chineseinla.com/user/id_331875.html,1,0,0,0,17,0
meg8113,https://www.chineseinla.com/user/id_1706315.html,1,0,1,0,16,0
4191。,https://www.chineseinla.com/user/id_2592604.html,1,0,0,0,18,0
zckos,https://www.chineseinla.com/user/id_2435866.html,1,0,0,0,18,0
huvkqr412,https://www.chineseinla.com/user/id_2604120.html,1,0,0,0,18,0
jamorris,https://www.chineseinla.com/user/id_84208.html,1,0,0,0,17,0
ACconditionhker,https://www.chineseinla.com/user/id_2557416.html,1,0,0,0,21,0
2062苹果用户_yujing fei,https://www.chineseinla.com/user/id_2595656.html,2,0,0,0,13,0
amon2024,https://www.chineseinla.com/user/id_2571736.html,1,0,0,0,28,0
3730梦在眼前路在脚下,https://www.chineseinla.com/user/id_2500267.html,1,0,1,0,19,0
JMjm,https://www.chineseinla.com/user/id_2546713.html,1,0,0,0,26,0
monadanom,https://www.chineseinla.com/user/id_2602505.html,1,0,0,0,26,0
zhaoyng,https://www.chineseinla.com/user/id_2602498.html,1,0,1,0,17,0
生活的乐趣,https://www.chineseinla.com/user/id_2355927.html,1,0,0,0,25,0
spanyes,https://www.chineseinla.com/user/id_358146.html,1,0,0,0,26,0
令狐小冲,https://www.chineseinla.com/user/id_439843.html,1,0,0,0,26,0
Jon33,https://www.chineseinla.com/user/id_2593702.html,1,0,0,0,26,0
Evasong,https://www.chineseinla.com/user/id_2586584.html,2,0,0,0,3,1
tiao zhan ji xian,https://www.chineseinla.com/user/id_2559159.html,1,0,0,0,27,0
wutianshu,https://www.chineseinla.com/user/id_2353160.html,1,0,0,0,27,0
赵东,https://www.chineseinla.com/user/id_2598839.html,1,0,0,0,27,0
王随风飘扬,https://www.chineseinla.com/user/id_2444543.html,1,0,0,0,28,0
极简·搬家,https://www.chineseinla.com/user/id_2538880.html,1,0,0,0,25,0
bohr,https://www.chineseinla.com/user/id_2602314.html,1,0,0,0,26,0
2937梁醒目~Linda:,https://www.chineseinla.com/user/id_2408807.html,4,0,0,0,12,0
zechen,https://www.chineseinla.com/user/id_2581583.html,1,0,0,0,27,0
lingfpbli,https://www.chineseinla.com/user/id_2592003.html,1,0,0,0,0,0
6238F  X  .,https://www.chineseinla.com/user/id_1744894.html,1,0,0,0,25,0
3756灸乐康,https://www.chineseinla.com/user/id_2484384.html,1,0,1,0,20,0
9159Mr陈,https://www.chineseinla.com/user/id_2602874.html,2,0,0,0,23,0
我想飞,https://www.chineseinla.com/user/id_2434509.html,1,0,0,0,22,0
8684Annie,https://www.chineseinla.com/user/id_2603718.html,2,0,0,0,18,0
kelly1351,https://www.chineseinla.com/user/id_2484335.html,1,0,0,0,23,0
7615Ceci,https://www.chineseinla.com/user/id_2487822.html,2,0,0,0,17,0
李景峰123,https://www.chineseinla.com/user/id_2547206.html,2,0,0,0,18,0
FEYA AUTO,https://www.chineseinla.com/user/id_2549622.html,1,0,0,0,23,0
2985Jams,https://www.chineseinla.com/user/id_2471401.html,1,0,0,0,21,0
66935562a,https://www.chineseinla.com/user/id_2591353.html,1,0,0,0,21,0
huc heng gang,https://www.chineseinla.com/user/id_2565121.html,2,0,0,0,20,0
小莫小莫,https://www.chineseinla.com/user/id_2408442.html,1,0,0,0,25,0
卡车司机找工,https://www.chineseinla.com/user/id_2590048.html,1,0,0,0,23,0
3126Will,https://www.chineseinla.com/user/id_2603191.html,1,0,0,0,22,0
D风格以,https://www.chineseinla.com/user/id_2601728.html,1,0,0,0,24,0
musiclou,https://www.chineseinla.com/user/id_2575859.html,1,0,0,0,23,0
2897tommykk,https://www.chineseinla.com/user/id_2603002.html,1,0,0,0,23,0
泉水指挥官,https://www.chineseinla.com/user/id_324608.html,1,0,0,0,23,0
waner520,https://www.chineseinla.com/user/id_2509180.html,4,0,0,0,8,0
Alex4542,https://www.chineseinla.com/user/id_2534829.html,1,0,0,0,3,1
