url,year,make,model,miles,price,trade_type,location
https://www.chineseinla.com/f/page_viewtopic/t_2856919.html,2008,雷克萨斯,RX350,"160,000 mi","$6,800 ",卖车,洛杉矶
https://www.chineseinla.com/f/page_viewtopic/t_2866668.html,2015,起亚,soul,"100,000 mi","$3,000 ",卖车,洛杉矶
https://www.chineseinla.com/f/page_viewtopic/t_2860358.html,2014,丰田,Corolla,"150,000 mi","$7,600 ",卖车,洛杉矶
https://www.chineseinla.com/f/page_viewtopic/t_2862017.html,2017,奥迪,Q7,"140,000 mi","$9,800 ",卖车,洛杉矶
https://www.chineseinla.com/f/page_viewtopic/t_2852116.html,2012,本田,Civic,"160,000 mi","$5,600 ",卖车,洛杉矶
https://www.chineseinla.com/f/page_viewtopic/t_2846032.html,2011,马自达,6,"130,000 mi","$5,600 ",卖车,洛杉矶
https://www.chineseinla.com/f/page_viewtopic/t_2863845.html,2013,大众,捷达,"160,000 mi","$3,500 ",卖车,洛杉矶
https://www.chineseinla.com/f/page_viewtopic/t_2831094.html,2011,丰田,凯美瑞,"140,000 mi","$4,999 ",卖车,洛杉矶
https://www.chineseinla.com/f/page_viewtopic/t_2807084.html,找不到,找不到,找不到,找不到,"$3,000 ",卖车,洛杉矶
https://www.chineseinla.com/f/page_viewtopic/t_2857013.html,2010,丰田,Prius,"150,000 mi","$5,500 ",卖车,洛杉矶
https://www.chineseinla.com/f/page_viewtopic/t_2795005.html,2020,其他,房车,"10,000 mi","$19,800 ",卖车,洛杉矶
https://www.chineseinla.com/f/page_viewtopic/t_2865219.html,2017,丰田,Sienna SE,"150,000 mi","$16,800 ",卖车,洛杉矶
https://www.chineseinla.com/f/page_viewtopic/t_2860273.html,2010,丰田,Corolla,"122,684 mi","$5,980 ",卖车,洛杉矶
https://www.chineseinla.com/f/page_viewtopic/t_2790158.html,2019,宝马,mini Cooper,"30,000 mi",找不到,卖车,洛杉矶
https://www.chineseinla.com/f/page_viewtopic/t_2861619.html,2015,丰田,Prius,找不到,"$6,900 ",卖车,洛杉矶
https://www.chineseinla.com/f/page_viewtopic/t_2866213.html,2007,Jeep吉普,2007 Jeep,"71,000","$3,800 ",卖车,洛杉矶
https://www.chineseinla.com/f/page_viewtopic/t_2866740.html,2024,丰田,卡罗拉混动SE,"45,000 mi",找不到,卖车,洛杉矶
https://www.chineseinla.com/f/page_viewtopic/t_2863960.html,2017,尼桑,找不到,"110,000 mi","$7,500 ",卖车,洛杉矶
https://www.chineseinla.com/f/page_viewtopic/t_2850964.html,2019,尼桑,找不到,"120,000 mi","$7,500 ",卖车,洛杉矶
https://www.chineseinla.com/f/page_viewtopic/t_2851074.html,2016,尼桑,找不到,"120,000 mi",找不到,卖车,洛杉矶
https://www.chineseinla.com/f/page_viewtopic/t_2865879.html,2016,尼桑,Sentra,"80,000 mi","$7,500 ",卖车,洛杉矶
https://www.chineseinla.com/f/page_viewtopic/t_2862595.html,2022,丰田,Corolla,"30,000 mi",找不到,卖车,洛杉矶
https://www.chineseinla.com/f/page_viewtopic/t_2847241.html,2014,丰田,Prius,"190,000 mi","$6,000 ",卖车,洛杉矶
https://www.chineseinla.com/f/page_viewtopic/t_2803374.html,2006,现代,sonata,"150,000 mi","$2,600 ",卖车,洛杉矶
https://www.chineseinla.com/f/page_viewtopic/t_2803411.html,2005,丰田,找不到,"190,000 mi","$3,900 ",卖车,洛杉矶
https://www.chineseinla.com/f/page_viewtopic/t_2852104.html,2014,现代,sonata,"110,000 mi","$5,500 ",卖车,洛杉矶
https://www.chineseinla.com/f/page_viewtopic/t_2851233.html,2011,丰田,找不到,"180,000 mi","$7,500 ",卖车,洛杉矶
https://www.chineseinla.com/f/page_viewtopic/t_2861071.html,2015,三菱,Outlander,"100,000 mi","$5,500 ",卖车,洛杉矶
https://www.chineseinla.com/f/page_viewtopic/t_2859476.html,2016,尼桑,Pathfinder,"150,000 mi","$5,500 ",卖车,洛杉矶
https://www.chineseinla.com/f/page_viewtopic/t_2866669.html,找不到,丰田,Prius,"270,000 mi","$3,000 ",卖车,洛杉矶
https://www.chineseinla.com/f/page_viewtopic/t_2801792.html,2020,丰田,Sienna,"46,000 mi",找不到,卖车,洛杉矶
https://www.chineseinla.com/f/page_viewtopic/t_2852359.html,2012,丰田,汉兰达,"100,000 mi",找不到,卖车,洛杉矶
https://www.chineseinla.com/f/page_viewtopic/t_2866345.html,2006,"斯巴鲁（原文为Scion，Scion是丰田的一个品牌，但根据常见认知，这里更正为中文品牌名称，若严格按要求则应为""找不到""）",Scion tC,"219,649 miles","$3,100 ",卖车,洛杉矶
https://www.chineseinla.com/f/page_viewtopic/t_2861668.html,2014,马自达,CX-5,"120,000 mi","$8,600 ",卖车,洛杉矶
https://www.chineseinla.com/f/page_viewtopic/t_2860224.html,2018,丰田,RAV4 XLE,"60,520 mi","$18,888 ",卖车,洛杉矶
https://www.chineseinla.com/f/page_viewtopic/t_2770943.html,2013,丰田,Tundra,找不到,找不到,卖车,洛杉矶
https://www.chineseinla.com/f/page_viewtopic/t_2840756.html,2010,丰田,Prius,"100,000 mi",找不到,卖车,洛杉矶
https://www.chineseinla.com/f/page_viewtopic/t_2849016.html,找不到,丰田,Prius,"60,000~100,000 mi","$4,800 ",卖车,洛杉矶
https://www.chineseinla.com/f/page_viewtopic/t_2661572.html,2016,奔驰,GLE350,"88,000 mi",找不到,卖车,洛杉矶
https://www.chineseinla.com/f/page_viewtopic/t_2865695.html,2006,丰田,找不到,"240,000 mi","$3,000 ",卖车,洛杉矶
https://www.chineseinla.com/f/page_viewtopic/t_2865665.html,2015,本田,CRV,"120,000 mi",找不到,卖车,洛杉矶
https://www.chineseinla.com/f/page_viewtopic/t_2865270.html,2023,本田,CRV- Sport touring Hybrid,找不到,找不到,卖车,洛杉矶
https://www.chineseinla.com/f/page_viewtopic/t_2866257.html,2009,本田,Fit,"190,000 mi","$3,800 ",卖车,洛杉矶
https://www.chineseinla.com/f/page_viewtopic/t_2865176.html,2006,丰田,Limited,找不到,"$4,900 ",卖车,洛杉矶
https://www.chineseinla.com/f/page_viewtopic/t_2866340.html,1999,丰田,Solara,"191,737 miles","$2,700 ",卖车,洛杉矶
https://www.chineseinla.com/f/page_viewtopic/t_2608979.html,2015,道奇,皮卡,"62,697 mi","$17,000 ",卖车,洛杉矶
https://www.chineseinla.com/f/page_viewtopic/t_2865358.html,2022,特斯拉,Model 3,找不到,找不到,卖车,洛杉矶
https://www.chineseinla.com/f/page_viewtopic/t_2866561.html,2006,丰田,凯美瑞,"170,000 mi","$3,300 ",卖车,洛杉矶
https://www.chineseinla.com/f/page_viewtopic/t_2824813.html,找不到,本田,Accord,找不到,找不到,卖车,洛杉矶
https://www.chineseinla.com/f/page_viewtopic/t_2854319.html,2010,本田,Honda Civic,"200,000 mi","$3,760 ",卖车,洛杉矶
https://www.chineseinla.com/f/page_viewtopic/t_2864837.html,2008,日本车,找不到,"150,000 mi","$6,000 ",卖车,洛杉矶
https://www.chineseinla.com/f/page_viewtopic/t_2847147.html,2005,丰田,tundra,"260,000 mi","$2,350 ",卖车,洛杉矶
https://www.chineseinla.com/f/page_viewtopic/t_2845154.html,找不到,美国车,ford,"140,000 mi","$12,000 ",卖车,洛杉矶
https://www.chineseinla.com/f/page_viewtopic/t_2828405.html,2019,丰田,Sienna,找不到,找不到,卖车,洛杉矶
https://www.chineseinla.com/f/page_viewtopic/t_2809277.html,2009,丰田,Sienna,"195,000","$5,200 ",卖车,洛杉矶
https://www.chineseinla.com/f/page_viewtopic/t_2816263.html,2010,斯巴鲁,Subaru Forester,"130,000 mi","$7,950 ",卖车,洛杉矶
https://www.chineseinla.com/f/page_viewtopic/t_2856202.html,2016,奔驰,GL450,"90,000 mi","$12,800 ",卖车,洛杉矶
https://www.chineseinla.com/f/page_viewtopic/t_2866412.html,2021,丰田,Sienna,"60,000 mi",找不到,卖车,洛杉矶
https://www.chineseinla.com/f/page_viewtopic/t_2859192.html,2013,马自达,CX-5,"109,000 mi","$9,700 ",卖车,洛杉矶
https://www.chineseinla.com/f/page_viewtopic/t_2866094.html,2020,丰田,Prius,"90,000 mi",找不到,卖车,洛杉矶
https://www.chineseinla.com/f/page_viewtopic/t_2866435.html,2010,奔驰,ML350,"120,000 mi","$7,999 ",卖车,洛杉矶
https://www.chineseinla.com/f/page_viewtopic/t_2865387.html,2021,丰田,camry凯美瑞,"90,000 mi",找不到,卖车,洛杉矶
https://www.chineseinla.com/f/page_viewtopic/t_2799594.html,2014,宝马,迷你Cooper,"68,147 mi","$11,500 ",卖车,洛杉矶
https://www.chineseinla.com/f/page_viewtopic/t_2652305.html,2011,尼桑,SUV,"160,000 mi","$4,300 ",卖车,洛杉矶
https://www.chineseinla.com/f/page_viewtopic/t_2836745.html,2002,福特,找不到,"150,000 mi","$3,700 ",卖车,洛杉矶
https://www.chineseinla.com/f/page_viewtopic/t_2867152.html,2005,丰田,Camry Le,"200,000 mi","$2,500 ",卖车,洛杉矶
https://www.chineseinla.com/f/page_viewtopic/t_2861976.html,2005,丰田,塞纳XLE Limited,"200,000 mi","$6,800 ",卖车,洛杉矶
https://www.chineseinla.com/f/page_viewtopic/t_2866487.html,2013,凌志,ct200H,"150,000 mi","$8,900 ",卖车,洛杉矶
https://www.chineseinla.com/f/page_viewtopic/t_2863968.html,2017,宝马,X3 28i,"76,000 mi","$11,000 ",卖车,洛杉矶
https://www.chineseinla.com/f/page_viewtopic/t_2785038.html,2012,马自达,马自达三,"115,000 mi","$9,500 ",卖车,洛杉矶
https://www.chineseinla.com/f/page_viewtopic/t_2817941.html,2017以后,日本车,找不到,"60,000~100,000 mi","$3,000 ",买车,洛杉矶
https://www.chineseinla.com/f/page_viewtopic/t_2803845.html,2012,雷克萨斯,IS350C,"101,300 mi","$17,500 ",卖车,洛杉矶
https://www.chineseinla.com/f/page_viewtopic/t_2832010.html,2014,丰田,Corolla,"160,000 mi","$4,999 ",卖车,洛杉矶
https://www.chineseinla.com/f/page_viewtopic/t_2865442.html,2011,丰田,赛那商务车,"193,000 mi","$9,888 ",卖车,洛杉矶
https://www.chineseinla.com/f/page_viewtopic/t_2845139.html,2004,凯美瑞,找不到,"100,000 mi","$2,800 ",卖车,洛杉矶
https://www.chineseinla.com/f/page_viewtopic/t_2847839.html,2011,本田,Fit,"90,000 mi","$8,000 ",卖车,洛杉矶
https://www.chineseinla.com/f/page_viewtopic/t_2867122.html,找不到,宝马,找不到,"100,000 mi","$3,000 ",卖车,洛杉矶
https://www.chineseinla.com/f/page_viewtopic/t_2667540.html,2016,雷克萨斯,CT200H,"180,000 mi","$9,999 ",卖车,洛杉矶
https://www.chineseinla.com/f/page_viewtopic/t_2808276.html,2013,本田,CB1109,"29,000 mi","$5,500 ",卖车,洛杉矶
https://www.chineseinla.com/f/page_viewtopic/t_2856436.html,2012,本田,Civic,"100,000 mi","$6,900 ",卖车,洛杉矶
https://www.chineseinla.com/f/page_viewtopic/t_2863919.html,2009,大众,找不到,"170,000 mi","$3,000 ",卖车,洛杉矶
https://www.chineseinla.com/f/page_viewtopic/t_2863205.html,2010,奥迪,Q5,"180,000 mi","$6,000 ",卖车,洛杉矶
https://www.chineseinla.com/f/page_viewtopic/t_2853465.html,2017,尼桑,Sentra SV,"169,000","$3,800 ",卖车,洛杉矶
https://www.chineseinla.com/f/page_viewtopic/t_2848298.html,2018,本田,civi,找不到,"$3,000 ",卖车,洛杉矶
https://www.chineseinla.com/f/page_viewtopic/t_2865007.html,2000,雪弗莱,ASTRO,找不到,"$3,000 ",卖车,洛杉矶
https://www.chineseinla.com/f/page_viewtopic/t_2852434.html,2024,丰田,RAV4 HYBARD XSE,找不到,"$1,000 ",租车,洛杉矶
https://www.chineseinla.com/f/page_viewtopic/t_2863593.html,2017,丰田,Prius,"60,000~100,000 mi",找不到,卖车,洛杉矶
https://www.chineseinla.com/f/page_viewtopic/t_2867221.html,找不到,丰田,Prius,找不到,"$6,000 ",租车,洛杉矶
https://www.chineseinla.com/f/page_viewtopic/t_2857857.html,2013,保时捷,凯宴S,找不到,"$14,900 ",卖车,洛杉矶
https://www.chineseinla.com/f/page_viewtopic/t_2863581.html,2017,丰田,凯美瑞,"140,000 mi",找不到,卖车,洛杉矶
https://www.chineseinla.com/f/page_viewtopic/t_2867214.html,2017,丰田,Prius,找不到,找不到,租车,洛杉矶
https://www.chineseinla.com/f/page_viewtopic/t_2863626.html,2007,大众,Touareg,"110,000 mi","$3,000 ",卖车,洛杉矶
https://www.chineseinla.com/f/page_viewtopic/t_2865098.html,2018,讴歌,RDX,"80,000 mi","$16,800 ",卖车,洛杉矶
https://www.chineseinla.com/f/page_viewtopic/t_2866723.html,2018,奔驰,GLC300,"95,000 mi",找不到,租车,洛杉矶
https://www.chineseinla.com/f/page_viewtopic/t_2862158.html,2009,马自达,CX-7,"150,000 mi","$4,600 ",卖车,洛杉矶
https://www.chineseinla.com/f/page_viewtopic/t_2867191.html,2014,本田,CRV,"159,000 mi","$8,900 ",卖车,洛杉矶
https://www.chineseinla.com/f/page_viewtopic/t_2867190.html,2015,丰田,Prius,"170,000 mi","$6,000 ",卖车,洛杉矶
https://www.chineseinla.com/f/page_viewtopic/t_2855514.html,找不到,特斯拉,modelY,找不到,找不到,卖车,洛杉矶
https://www.chineseinla.com/f/page_viewtopic/t_2852536.html,找不到,找不到,找不到,找不到,找不到,买车,洛杉矶
https://www.chineseinla.com/f/page_viewtopic/t_2866468.html,2022,丰田,Camry,"80,000 mi","$23,800 ",卖车,洛杉矶
https://www.chineseinla.com/f/page_viewtopic/t_2865755.html,2013,大众,途观,"150,000 mi","$4,800 ",卖车,洛杉矶
https://www.chineseinla.com/f/page_viewtopic/t_2840940.html,2018,尼桑,Sentra,"90,000 mi","$3,000 ",卖车,洛杉矶
https://www.chineseinla.com/f/page_viewtopic/t_2709975.html,2017,本田,Accord,"270,000 mi","$5,500 ",卖车,洛杉矶
https://www.chineseinla.com/f/page_viewtopic/t_2860426.html,2010,丰田,Corolla,"122,684","$6,000 ",卖车,洛杉矶
https://www.chineseinla.com/f/page_viewtopic/t_2856898.html,2015,本田,CRV EXL,"120,000 mi","$14,000 ",卖车,洛杉矶
https://www.chineseinla.com/f/page_viewtopic/t_2862719.html,2016,马自达,6,"137,972 mi","$9,500 ",卖车,洛杉矶
https://www.chineseinla.com/f/page_viewtopic/t_2866971.html,2021,丰田,Prius,"60,000~100,000 mi",找不到,卖车,洛杉矶
https://www.chineseinla.com/f/page_viewtopic/t_2789377.html,2018,丰田,PRIUS,"40,000 mi",找不到,卖车,洛杉矶
https://www.chineseinla.com/f/page_viewtopic/t_2813833.html,2016,丰田,Sienna,"200,000 mi",找不到,卖车,洛杉矶
https://www.chineseinla.com/f/page_viewtopic/t_2842840.html,2005,GMC,CagoVan,"75,000 mi","$6,000 ",卖车,洛杉矶
https://www.chineseinla.com/f/page_viewtopic/t_2865590.html,2006,丰田,找不到,"240,000 mi","$3,000 ",卖车,洛杉矶
https://www.chineseinla.com/f/page_viewtopic/t_2828290.html,2007,丰田,LE,"230,000 mi","$3,000 ",卖车,洛杉矶
https://www.chineseinla.com/f/page_viewtopic/t_2863339.html,2007,本田,思域,"190,000 mi","$3,950 ",卖车,洛杉矶
https://www.chineseinla.com/f/page_viewtopic/t_2866916.html,2016,特斯拉,MODEL S,"100,000 mi",找不到,卖车,洛杉矶
https://www.chineseinla.com/f/page_viewtopic/t_2817378.html,2017以后,找不到,找不到,"60,000~100,000 mi","$3,000 ",买车,洛杉矶
https://www.chineseinla.com/f/page_viewtopic/t_2858355.html,2001,雷克萨斯,ES300,"135,870","$4,995 ",卖车,洛杉矶
https://www.chineseinla.com/f/page_viewtopic/t_2866913.html,2011,丰田,Highlander,"140,000 mi",找不到,卖车,洛杉矶
https://www.chineseinla.com/f/page_viewtopic/t_2866912.html,2016,特斯拉,MODEL X,"60,000 mi",找不到,卖车,洛杉矶
https://www.chineseinla.com/f/page_viewtopic/t_2863363.html,2013,丰田,汉兰达,"140,000 mi","$13,000 ",卖车,洛杉矶
https://www.chineseinla.com/f/page_viewtopic/t_2831483.html,2013,丰田,Sienna,找不到,"$9,980 ",卖车,洛杉矶
https://www.chineseinla.com/f/page_viewtopic/t_2851101.html,2014,丰田,凯美瑞SE,"110,000 mi","$8,700 ",卖车,洛杉矶
https://www.chineseinla.com/f/page_viewtopic/t_2840702.html,2022,丰田,RAV4,"60,000 mi","$22,700 ",卖车,洛杉矶
https://www.chineseinla.com/f/page_viewtopic/t_2634104.html,2016,沃尔沃,VOLVO XC 60,"70,000 mi","$12,990 ",卖车,洛杉矶
https://www.chineseinla.com/f/page_viewtopic/t_2863032.html,2009,马自达,Mazda5,"180,000 mi","$3,550 ",卖车,洛杉矶
https://www.chineseinla.com/f/page_viewtopic/t_2820848.html,2013,铃木,SX4,"120,000 mi","$3,800 ",卖车,洛杉矶
https://www.chineseinla.com/f/page_viewtopic/t_2850042.html,2016,宝马,528i,找不到,"$12,500 ",卖车,洛杉矶
https://www.chineseinla.com/f/page_viewtopic/t_2530282.html,2018,其他,卡车,"60,000~100,000 mi",找不到,卖车,洛杉矶
https://www.chineseinla.com/f/page_viewtopic/t_2859020.html,2005,丰田,TUNDRA,"130,000 mi","$9,500 ",卖车,洛杉矶
https://www.chineseinla.com/f/page_viewtopic/t_2866920.html,2021,马自达,mazda3,"90,000 mi",找不到,卖车,洛杉矶
https://www.chineseinla.com/f/page_viewtopic/t_2788769.html,找不到,找不到,找到不,找不到,找不到,租车,洛杉矶
https://www.chineseinla.com/f/page_viewtopic/t_2866976.html,2012,丰田,Sienna,找不到,"$6,000 ",卖车,洛杉矶
https://www.chineseinla.com/f/page_viewtopic/t_2863999.html,2011,丰田,venza,找不到,"$9,000 ",卖车,洛杉矶
https://www.chineseinla.com/f/page_viewtopic/t_2864118.html,2017,尼桑,rogue,找不到,找不到,卖车,洛杉矶
https://www.chineseinla.com/f/page_viewtopic/t_2866425.html,找不到,马自达,马自达3,找不到,找不到,卖车,洛杉矶
https://www.chineseinla.com/f/page_viewtopic/t_2866131.html,找不到,本田,CR-V,"130,000 mi",找不到,卖车,洛杉矶
https://www.chineseinla.com/f/page_viewtopic/t_2859181.html,2006,本田,CRV,"120,000 mi","$6,800 ",卖车,洛杉矶
https://www.chineseinla.com/f/page_viewtopic/t_2865891.html,2022,特斯拉,Model3,"70,000 mi",找不到,卖车,洛杉矶
https://www.chineseinla.com/f/page_viewtopic/t_2850803.html,2014,丰田,Corolla,"159,950 mi","$6,950 ",卖车,洛杉矶
https://www.chineseinla.com/f/page_viewtopic/t_2858557.html,2010,丰田,Corolla,"122,684 mi","$6,000 ",卖车,洛杉矶
https://www.chineseinla.com/f/page_viewtopic/t_2866144.html,找不到,马自达,马自达6,"130,000 mi",找不到,卖车,洛杉矶
https://www.chineseinla.com/f/page_viewtopic/t_2866778.html,2014,丰田,Prius,"130,000 mi","$7,999 ",卖车,洛杉矶
https://www.chineseinla.com/f/page_viewtopic/t_2853300.html,2012,雷克萨斯,CT200,"140,000 mi","$7,999 ",卖车,洛杉矶
https://www.chineseinla.com/f/page_viewtopic/t_2850277.html,2014,奔驰,GL450,"110,000 mi","$9,999 ",卖车,洛杉矶
https://www.chineseinla.com/f/page_viewtopic/t_2857811.html,2015,普锐斯,Toyota Prius two,"186,000","$5,000 ",卖车,洛杉矶
https://www.chineseinla.com/f/page_viewtopic/t_2862426.html,2015,丰田,Prius,"100,000 mi","$6,000 ",卖车,洛杉矶
https://www.chineseinla.com/f/page_viewtopic/t_2866982.html,2012,丰田,Prius,"230,000 mi","$3,000 ",卖车,洛杉矶
https://www.chineseinla.com/f/page_viewtopic/t_2822233.html,2014,丰田,RV4 XLE,"100,000 mi",找不到,卖车,洛杉矶
https://www.chineseinla.com/f/page_viewtopic/t_2838721.html,2015,丰田,Prius,"180,000 mi","$6,500 ",卖车,洛杉矶
https://www.chineseinla.com/f/page_viewtopic/t_2864476.html,找不到,丰田,Prius,找不到,找不到,租车,洛杉矶
https://www.chineseinla.com/f/page_viewtopic/t_2865847.html,找不到,日本车,找不到,"100,000 mi","$3,000 ",买车,洛杉矶
https://www.chineseinla.com/f/page_viewtopic/t_2866558.html,找不到,找不到,找不到,找不到,找不到,买车,洛杉矶
https://www.chineseinla.com/f/page_viewtopic/t_2683293.html,2011,尼桑,VERSA,"89,000 mi","$4,600 ",卖车,洛杉矶
https://www.chineseinla.com/f/page_viewtopic/t_2866531.html,找不到,本田,Accord,"10,000 mi","$3,000 ",卖车,洛杉矶
https://www.chineseinla.com/f/page_viewtopic/t_2865934.html,2005,本田,Accord,"184,000 mi","$3,000 ",卖车,洛杉矶
https://www.chineseinla.com/f/page_viewtopic/t_2864700.html,2017,凯美瑞,凯美瑞SE,"35,000 mi",找不到,卖车,洛杉矶
https://www.chineseinla.com/f/page_viewtopic/t_2564280.html,2015,马自达,马自达5,"145,500 mi","$10,500 ",卖车,洛杉矶
https://www.chineseinla.com/f/page_viewtopic/t_2856445.html,2018,奔驰,metris,"167,453 mi","$13,000 ",卖车,洛杉矶
https://www.chineseinla.com/f/page_viewtopic/t_2866002.html,2009,丰田,Sienna,"220,000 mi","$3,000 ",卖车,洛杉矶
https://www.chineseinla.com/f/page_viewtopic/t_2866028.html,2017,大众,途观,"60,000~100,000 mi",找不到,卖车,洛杉矶
https://www.chineseinla.com/f/page_viewtopic/t_2866032.html,2003,丰田,CAMRY,找不到,"$3,000 ",卖车,洛杉矶
https://www.chineseinla.com/f/page_viewtopic/t_2861327.html,2012,马自达,找不到,"110,000 mi","$4,500 ",卖车,洛杉矶
https://www.chineseinla.com/f/page_viewtopic/t_2860906.html,2013,马自达,Mazda3,找不到,"$3,900 ",卖车,洛杉矶
https://www.chineseinla.com/f/page_viewtopic/t_2840422.html,2009,丰田,Camry LE,"109,000 mi","$5,950 ",卖车,洛杉矶
https://www.chineseinla.com/f/page_viewtopic/t_2860908.html,2009,丰田,Camry,找不到,"$3,000 ",卖车,洛杉矶
https://www.chineseinla.com/f/page_viewtopic/t_2762924.html,2014,本田,Acura RDX,"160,000 mi","$6,200 ",卖车,洛杉矶
https://www.chineseinla.com/f/page_viewtopic/t_2866458.html,2013,丰田,Prius,找不到,"$6,000 ",卖车,洛杉矶
https://www.chineseinla.com/f/page_viewtopic/t_2866524.html,2016,尼桑,Rogue SL,"133,000 mi","$9,999 ",卖车,洛杉矶
https://www.chineseinla.com/f/page_viewtopic/t_2862596.html,找不到,奔驰/宝马,mini,"100,000 mi","$3,000 ",卖车,洛杉矶
https://www.chineseinla.com/f/page_viewtopic/t_2856812.html,找不到,美国车,找不到,"100,000 mi","$5,500 ",卖车,洛杉矶
https://www.chineseinla.com/f/page_viewtopic/t_2819043.html,2011,丰田,Sienna,"215,000 mi","$6,500 ",卖车,洛杉矶
https://www.chineseinla.com/f/page_viewtopic/t_2806400.html,找不到,丰田,凯美瑞,找不到,$900 ,卖车,洛杉矶
https://www.chineseinla.com/f/page_viewtopic/t_2854220.html,2013,马自达,马自达5,"60,000 mi","$8,500 ",卖车,洛杉矶
https://www.chineseinla.com/f/page_viewtopic/t_2855865.html,找不到,丰田,Prius,"100,000 mi","$3,000 ",卖车,洛杉矶
https://www.chineseinla.com/f/page_viewtopic/t_2866400.html,2012,丰田,Prius,"150,000 mi","$6,000 ",卖车,洛杉矶
https://www.chineseinla.com/f/page_viewtopic/t_2867027.html,2007,本田,Accord,找不到,"$2,900 ",卖车,洛杉矶
https://www.chineseinla.com/f/page_viewtopic/t_2863356.html,2013,雷克萨斯,200H,"145,911 mi","$13,000 ",卖车,洛杉矶
https://www.chineseinla.com/f/page_viewtopic/t_2825374.html,2013,尼桑,suv,"120,000 mi","$5,500 ",卖车,洛杉矶
https://www.chineseinla.com/f/page_viewtopic/t_2849542.html,2007,丰田,凯美瑞,"105,000 mi","$5,700 ",卖车,洛杉矶
https://www.chineseinla.com/f/page_viewtopic/t_2840590.html,2022,宝马,430i,"29,000 mi","$35,988 ",卖车,洛杉矶
https://www.chineseinla.com/f/page_viewtopic/t_2864121.html,13,丰田,Prius,"210,000 mi","$8,000 ",卖车,洛杉矶
https://www.chineseinla.com/f/page_viewtopic/t_2860990.html,2016,奔驰,GLC,"110,000 mi","$13,500 ",卖车,洛杉矶
https://www.chineseinla.com/f/page_viewtopic/t_2862028.html,2017,大众,高尔夫,"110,000 mi","$3,000 ",卖车,洛杉矶
https://www.chineseinla.com/f/page_viewtopic/t_2861149.html,2011,丰田,威锋,"160,000 mi","$6,000 ",卖车,洛杉矶
https://www.chineseinla.com/f/page_viewtopic/t_2862661.html,2016,本田,奥德赛,"60,000~100,000 mi",找不到,卖车,洛杉矶
https://www.chineseinla.com/f/page_viewtopic/t_2832136.html,2012,丰田,RAV4,"170,000 mi","$6,500 ",卖车,洛杉矶
https://www.chineseinla.com/f/page_viewtopic/t_2866798.html,2015,奥德赛,Odyssey,"130,000 mi",找不到,卖车,洛杉矶
https://www.chineseinla.com/f/page_viewtopic/t_2844322.html,2008,丰田,Sienna CE,"180,000 mi","$5,800 ",卖车,洛杉矶
https://www.chineseinla.com/f/page_viewtopic/t_2863529.html,找不到,日本车,suv,"100,000 mi","$2,300 ",卖车,洛杉矶
https://www.chineseinla.com/f/page_viewtopic/t_2660952.html,找不到,本田,ST1300,"60,000~100,000 mi","$6,900 ",卖车,洛杉矶
https://www.chineseinla.com/f/page_viewtopic/t_2850704.html,2015,丰田,Corolla,"100,000 mi","$8,900 ",卖车,洛杉矶
https://www.chineseinla.com/f/page_viewtopic/t_2859555.html,找不到,奔驰,S430,"100,000 mi","$5,800 ",卖车,洛杉矶
https://www.chineseinla.com/f/page_viewtopic/t_2866796.html,2016,其他,Hino,"60,000~100,000 mi",找不到,卖车,洛杉矶
https://www.chineseinla.com/f/page_viewtopic/t_2865569.html,2016,丰田,Prius,"220,000 mi","$8,900 ",卖车,洛杉矶
https://www.chineseinla.com/f/page_viewtopic/t_2852395.html,2017,丰田,Camry,"70,000 mi",找不到,卖车,洛杉矶
https://www.chineseinla.com/f/page_viewtopic/t_2866250.html,2017,宝马,X3,"71,000 mi","$18,000 ",卖车,洛杉矶
https://www.chineseinla.com/f/page_viewtopic/t_2865906.html,找不到,日本车,找不到,"60,000~100,000 mi","$6,000 ",卖车,洛杉矶
https://www.chineseinla.com/f/page_viewtopic/t_2821057.html,2017,福特,se运动款,"80,000 mi","$9,500 ",卖车,洛杉矶
https://www.chineseinla.com/f/page_viewtopic/t_2844329.html,2011,丰田,赛纳,"170,000 mi","$5,999 ",卖车,洛杉矶
https://www.chineseinla.com/f/page_viewtopic/t_2858933.html,2023,特斯拉,Model 3,"40,000 mi","$25,000 ",卖车,洛杉矶
https://www.chineseinla.com/f/page_viewtopic/t_2866813.html,2016,梅赛德斯-奔驰,Mercedes-Benz E-Class E 350 Sport 4dr Sedan,"10,000~30,000 mi",找不到,卖车,洛杉矶
https://www.chineseinla.com/f/page_viewtopic/t_2861591.html,2016,尼桑,suv,"90,000 mi","$12,599 ",卖车,洛杉矶
https://www.chineseinla.com/f/page_viewtopic/t_2821640.html,2021,丰田,Sienna,找不到,"$3,000 ",租车,洛杉矶
https://www.chineseinla.com/f/page_viewtopic/t_2845400.html,2017,丰田,Sienna LE,"90,000 mi",找不到,卖车,洛杉矶
https://www.chineseinla.com/f/page_viewtopic/t_2865351.html,2013,丰田,Prius,"100,000 mi","$6,000 ",卖车,洛杉矶
https://www.chineseinla.com/f/page_viewtopic/t_2865320.html,2012,丰田,sienna,"100,000 mi",找不到,卖车,洛杉矶
https://www.chineseinla.com/f/page_viewtopic/t_2865391.html,找不到,其他,cargo van,"60,000~100,000 mi",找不到,卖车,洛杉矶
https://www.chineseinla.com/f/page_viewtopic/t_2865414.html,2015,本田,Civic,"70,000 mi",找不到,卖车,洛杉矶
https://www.chineseinla.com/f/page_viewtopic/t_2865119.html,2019,本田,Accord,"80,000 mi",找不到,卖车,洛杉矶
https://www.chineseinla.com/f/page_viewtopic/t_2864844.html,2017,特斯拉,Model X,"75,000",找不到,卖车,洛杉矶
https://www.chineseinla.com/f/page_viewtopic/t_2865183.html,2021,其他,air stream,找不到,找不到,卖车,洛杉矶
https://www.chineseinla.com/f/page_viewtopic/t_2854094.html,2020,本田,Clarity,"200,000 mi","$10,899 ",卖车,洛杉矶
https://www.chineseinla.com/f/page_viewtopic/t_2622572.html,2019,本田,Odyssey,88k,"$16,800 ",卖车,洛杉矶
https://www.chineseinla.com/f/page_viewtopic/t_2864804.html,找不到,美国车,Dodge Caravan,"100,000 mi",找不到,卖车,洛杉矶
https://www.chineseinla.com/f/page_viewtopic/t_2864840.html,2018,奔驰,S450,79k,找不到,卖车,洛杉矶
https://www.chineseinla.com/f/page_viewtopic/t_2854154.html,2014,美国车,WRANGLER UNLIMITED SPORT,"30,000~60,000 mi",找不到,卖车,洛杉矶
https://www.chineseinla.com/f/page_viewtopic/t_2855288.html,2015,奔驰,GL450,"97,000 mi",找不到,卖车,洛杉矶
https://www.chineseinla.com/f/page_viewtopic/t_2865233.html,2021,沃尔沃,760,54W,找不到,卖车,洛杉矶
https://www.chineseinla.com/f/page_viewtopic/t_2856026.html,2018,斯巴鲁,找不到,"99,000 mi","$12,500 ",卖车,洛杉矶
https://www.chineseinla.com/f/page_viewtopic/t_2854237.html,2019,丰田,Camry,"100,000 mi",找不到,卖车,洛杉矶
https://www.chineseinla.com/f/page_viewtopic/t_2841994.html,2012,奔驰,GL450,"60,000~100,000 mi","$7,900 ",卖车,洛杉矶
https://www.chineseinla.com/f/page_viewtopic/t_2843610.html,2005,丰田,toyota,"200,000 mi","$3,000 ",卖车,洛杉矶
https://www.chineseinla.com/f/page_viewtopic/t_2864986.html,2014,宝马,X1,93000 miles,找不到,卖车,洛杉矶
https://www.chineseinla.com/f/page_viewtopic/t_2828572.html,2016,讴歌,ACURA MDX,"64,000 mi","$17,000 ",卖车,洛杉矶
https://www.chineseinla.com/f/page_viewtopic/t_2629934.html,"22, 23",丰田,"塞纳, rav4","30,000~60,000 mi","$3,000 ",租车,洛杉矶
https://www.chineseinla.com/f/page_viewtopic/t_2865537.html,2012,丰田,Sienna,找不到,"$6,000 ",卖车,洛杉矶
https://www.chineseinla.com/f/page_viewtopic/t_2860210.html,2020,奔驰,GLE350,"84,400 mi","$29,800 ",卖车,洛杉矶
https://www.chineseinla.com/f/page_viewtopic/t_2774889.html,2006,丰田,雷克萨斯ES330,"95,303 mi","$2,700 ",卖车,洛杉矶
https://www.chineseinla.com/f/page_viewtopic/t_2865164.html,2000,雪弗莱,ASTRO,找不到,价格面议,卖车,洛杉矶
https://www.chineseinla.com/f/page_viewtopic/t_2851133.html,2005,本田,Accord,"100,000 mi","$3,000 ",卖车,洛杉矶
https://www.chineseinla.com/f/page_viewtopic/t_2865471.html,2021,马自达,Mazda3,"90,000 mi",找不到,卖车,洛杉矶
https://www.chineseinla.com/f/page_viewtopic/t_2844229.html,2018,本田,CRV,"90,000 mi",找不到,卖车,洛杉矶
https://www.chineseinla.com/f/page_viewtopic/t_2858485.html,2006,本田,accord,"200,000 mi","$2,300 ",卖车,洛杉矶
https://www.chineseinla.com/f/page_viewtopic/t_2851897.html,找不到,找不到,找不到,找不到,"$6,000 ",卖车,洛杉矶
https://www.chineseinla.com/f/page_viewtopic/t_2836627.html,2013,丰田,Sienna,"280,000 mi","$6,000 ",卖车,洛杉矶
https://www.chineseinla.com/f/page_viewtopic/t_2865878.html,2014,丰田,Corolla,"140,000 mi","$10,000 ",卖车,洛杉矶
https://www.chineseinla.com/f/page_viewtopic/t_2852956.html,2016,宝马,320i X Drive,"80,444 mi","$12,500 ",卖车,洛杉矶
https://www.chineseinla.com/f/page_viewtopic/t_2858261.html,2009,奥迪,Q7,"170,000 mi","$3,000 ",卖车,洛杉矶
https://www.chineseinla.com/f/page_viewtopic/t_2865608.html,2015,福特,Fiesta,"120,000 mi","$3,000 ",卖车,洛杉矶
https://www.chineseinla.com/f/page_viewtopic/t_2814204.html,2017,雷克萨斯,Rx 350,"127,238 mi","$21,950 ",卖车,洛杉矶
https://www.chineseinla.com/f/page_viewtopic/t_2712208.html,2008,丰田,Tacoma,"152,000 mi","$11,900 ",卖车,洛杉矶
https://www.chineseinla.com/f/page_viewtopic/t_2865065.html,2016,宝马,328i,"100,000 mi","$8,900 ",卖车,洛杉矶
https://www.chineseinla.com/f/page_viewtopic/t_2863886.html,找不到,找不到,找不到,"100,000 mi","$3,000 ",卖车,洛杉矶
https://www.chineseinla.com/f/page_viewtopic/t_2861931.html,2008,宝马,535i,"106,500 mi","$7,500 ",卖车,洛杉矶
https://www.chineseinla.com/f/page_viewtopic/t_2828668.html,找不到,丰田,Prius,找不到,"$3,000 ",卖车,洛杉矶
https://www.chineseinla.com/f/page_viewtopic/t_2856936.html,2010,丰田,汉兰达,"93,000 mi","$6,000 ",卖车,洛杉矶
https://www.chineseinla.com/f/page_viewtopic/t_2817445.html,2004,雷克萨斯,RX330,"120,000 mi","$5,500 ",卖车,洛杉矶
https://www.chineseinla.com/f/page_viewtopic/t_2863821.html,2018,雷克萨斯,RX450HL,"62,000 mi",找不到,卖车,洛杉矶
https://www.chineseinla.com/f/page_viewtopic/t_2856853.html,2015,丰田,Sienna,"90,000 mi",找不到,卖车,洛杉矶
https://www.chineseinla.com/f/page_viewtopic/t_2862119.html,2019,斯巴鲁,Impreza,"61,000 mi","$17,598 ",卖车,洛杉矶
https://www.chineseinla.com/f/page_viewtopic/t_2790786.html,2001,尼桑,Pathfinder,"170,325 mi","$2,000 ",卖车,洛杉矶
https://www.chineseinla.com/f/page_viewtopic/t_2864455.html,2014,奥迪,Q5 Premium Plus,"110,000 mi","$6,000 ",卖车,洛杉矶
https://www.chineseinla.com/f/page_viewtopic/t_2828118.html,找不到,本田,奥德赛,"100,000 mi","$3,000 ",卖车,洛杉矶
https://www.chineseinla.com/f/page_viewtopic/t_2796005.html,2022,其他,1700BH,找不到,"$16,000 ",卖车,洛杉矶
https://www.chineseinla.com/f/page_viewtopic/t_2862409.html,2013,丰田,Prius,"180,000 mi","$6,700 ",卖车,洛杉矶
https://www.chineseinla.com/f/page_viewtopic/t_2783764.html,2016,克莱斯勒,Town and Country,"84,000","$12,000 ",卖车,洛杉矶
https://www.chineseinla.com/f/page_viewtopic/t_2860451.html,2020,丰田,RAV4 HYBRID,"90,000 mi",找不到,卖车,洛杉矶
https://www.chineseinla.com/f/page_viewtopic/t_2850339.html,2004,本田,PILOT,"200,000 mi","$2,880 ",卖车,洛杉矶
https://www.chineseinla.com/f/page_viewtopic/t_2862620.html,2024,丰田,Sienna,"30,000 mi",找不到,卖车,洛杉矶
https://www.chineseinla.com/f/page_viewtopic/t_2864415.html,1991,丰田,crown,"130,000 mi",找不到,卖车,洛杉矶
https://www.chineseinla.com/f/page_viewtopic/t_2864089.html,2013,丰田,Prius,"60,000~100,000 mi","$6,000 ",卖车,洛杉矶
https://www.chineseinla.com/f/page_viewtopic/t_2864094.html,找不到,美国车,皮卡,"100,000 mi","$6,000 ",卖车,洛杉矶
https://www.chineseinla.com/f/page_viewtopic/t_2864096.html,"20, 23",奔驰,E350,"30,000~60,000 mi",找不到,卖车,洛杉矶
https://www.chineseinla.com/f/page_viewtopic/t_2853368.html,2010,丰田,Corolla,"122,684 mi","$5,980 ",卖车,洛杉矶
https://www.chineseinla.com/f/page_viewtopic/t_2864143.html,2017,奔驰,Mercedes-Benz Sprinter,"109,451","$28,800 ",卖车,洛杉矶
https://www.chineseinla.com/f/page_viewtopic/t_2789506.html,2018,丰田,C-HR XLE,"40,000 mi","$17,000 ",卖车,洛杉矶
https://www.chineseinla.com/f/page_viewtopic/t_2860911.html,2013,现代,Veloster,"61,000 mi","$7,400 ",卖车,洛杉矶
https://www.chineseinla.com/f/page_viewtopic/t_2864357.html,2007,雷克萨斯,RX350,"217,000 mi","$4,200 ",卖车,洛杉矶
https://www.chineseinla.com/f/page_viewtopic/t_2864412.html,2023,特斯拉,Model Y Performance,"25,000 mi","$37,500 ",卖车,洛杉矶
https://www.chineseinla.com/f/page_viewtopic/t_2861105.html,2012,马自达,Mazda 5,"150,000 mi","$3,000 ",卖车,洛杉矶
https://www.chineseinla.com/f/page_viewtopic/t_2730030.html,2019,保时捷,卡宴,"43,000 mi",找不到,卖车,洛杉矶
https://www.chineseinla.com/f/page_viewtopic/t_2852260.html,2025,丰田,塞纳XLE,"10,000 mi","$5,500 ",卖车,洛杉矶
https://www.chineseinla.com/f/page_viewtopic/t_2864326.html,2009,丰田,Camry,"18,800 mi","$5,000 ",卖车,洛杉矶
https://www.chineseinla.com/f/page_viewtopic/t_2719305.html,找不到,找不到,找不到,找不到,找不到,找不到,洛杉矶
https://www.chineseinla.com/f/page_viewtopic/t_2859731.html,找不到,丰田,普瑞斯,"100,000 mi","$6,000 ",卖车,洛杉矶
https://www.chineseinla.com/f/page_viewtopic/t_2865094.html,2024,丰田,Corolla,"45,000 mi",找不到,卖车,洛杉矶
https://www.chineseinla.com/f/page_viewtopic/t_2863684.html,2022,丰田,凯美瑞SE,"20,000 mi","$24,800 ",卖车,洛杉矶
https://www.chineseinla.com/f/page_viewtopic/t_2864507.html,2010,奔驰,ML350,"120,000 mi","$7,800 ",卖车,洛杉矶
https://www.chineseinla.com/f/page_viewtopic/t_2861914.html,2016,奔驰,cla,"70,000 mi",找不到,卖车,洛杉矶
https://www.chineseinla.com/f/page_viewtopic/t_2816768.html,2015,玛莎拉蒂,玛莎拉蒂,"60,000 mi","$12,500 ",卖车,洛杉矶
https://www.chineseinla.com/f/page_viewtopic/t_2846713.html,2019,丰田,Prius,"70,000 mi",找不到,卖车,洛杉矶
https://www.chineseinla.com/f/page_viewtopic/t_2864965.html,2018,本田,crv,"130,000 mi",找不到,卖车,洛杉矶
https://www.chineseinla.com/f/page_viewtopic/t_2857694.html,2009,丰田,VENZA,"100,000 mi","$6,000 ",卖车,洛杉矶
https://www.chineseinla.com/f/page_viewtopic/t_2859886.html,2018,雷克萨斯,RX 450HL,"130,000 mi",找不到,卖车,洛杉矶
https://www.chineseinla.com/f/page_viewtopic/t_2864990.html,2018,本田,奥德赛,"150,000 mi",找不到,卖车,洛杉矶
https://www.chineseinla.com/f/page_viewtopic/t_2856988.html,2006,丰田,Sienna,"110,000 mi","$6,000 ",卖车,洛杉矶
https://www.chineseinla.com/f/page_viewtopic/t_2857063.html,2012,本田,Accord,"160,000 mi","$6,000 ",卖车,洛杉矶
https://www.chineseinla.com/f/page_viewtopic/t_2860496.html,2013,丰田,Prius,"225,981 mi","$8,500 ",卖车,洛杉矶
https://www.chineseinla.com/f/page_viewtopic/t_2864112.html,2007,本田,Accord,"130,000 mi","$4,000 ",卖车,洛杉矶
https://www.chineseinla.com/f/page_viewtopic/t_2863619.html,2019,宝马,x3,找不到,找不到,卖车,洛杉矶
https://www.chineseinla.com/f/page_viewtopic/t_2863649.html,2022,丰田,凯美瑞 XSE,找不到,找不到,卖车,洛杉矶
https://www.chineseinla.com/f/page_viewtopic/t_2863669.html,2024,丰田,Corolla,"45,000 mi",找不到,卖车,洛杉矶
https://www.chineseinla.com/f/page_viewtopic/t_2863694.html,2012,本田,思域,"180,000 mi","$4,999 ",卖车,洛杉矶
https://www.chineseinla.com/f/page_viewtopic/t_2843297.html,2018,雷克萨斯,RX450H,"80,000 mi",找不到,卖车,洛杉矶
https://www.chineseinla.com/f/page_viewtopic/t_2861279.html,2011,本田,Accord,找不到,"$3,000 ",卖车,洛杉矶
https://www.chineseinla.com/f/page_viewtopic/t_2863986.html,找不到,丰田,scion,"220,000 mi","$3,000 ",卖车,洛杉矶
https://www.chineseinla.com/f/page_viewtopic/t_2563302.html,2019,奥迪,A6,"20,000 mi",找不到,卖车,洛杉矶
https://www.chineseinla.com/f/page_viewtopic/t_1938620.html,2018,本田,奥德赛,"190,000 mi","$9,800 ",卖车,洛杉矶
https://www.chineseinla.com/f/page_viewtopic/t_2863961.html,2013,丰田,Prius,"100,000 mi","$6,000 ",卖车,洛杉矶
https://www.chineseinla.com/f/page_viewtopic/t_2863784.html,找不到,丰田,Avalon,"190,000 mi","$3,000 ",卖车,洛杉矶
https://www.chineseinla.com/f/page_viewtopic/t_2863833.html,2015,丰田,corolla,"156,000 mi","$6,000 ",卖车,洛杉矶
https://www.chineseinla.com/f/page_viewtopic/t_2847240.html,2015,宝马,bmw228i,"70,000 mi","$12,000 ",卖车,洛杉矶
https://www.chineseinla.com/f/page_viewtopic/t_2846786.html,2021,丰田,Sienna,"60,000~100,000 mi",找不到,卖车,洛杉矶
https://www.chineseinla.com/f/page_viewtopic/t_2864464.html,2019,丰田,凯美瑞,"160,000 mi",找不到,卖车,洛杉矶
https://www.chineseinla.com/f/page_viewtopic/t_2864187.html,找不到,找不到,找不到,"10,000~30,000 mi","$5,000 ",买车,洛杉矶
https://www.chineseinla.com/f/page_viewtopic/t_2864057.html,找不到,特斯拉,Model X,"60,000~100,000 mi",找不到,卖车,洛杉矶
https://www.chineseinla.com/f/page_viewtopic/t_2864216.html,2007,本田,Accord,"130,000 mi","$4,000 ",卖车,洛杉矶
https://www.chineseinla.com/f/page_viewtopic/t_2864172.html,2015,吉普,Grand Cherokee,"55,000 mi","$12,000 ",卖车,洛杉矶
https://www.chineseinla.com/f/page_viewtopic/t_2862478.html,2021,马自达,CX-5,"38,000 mi","$20,000 ",卖车,洛杉矶
https://www.chineseinla.com/f/page_viewtopic/t_2864203.html,2013,丰田,Prius,"135,000 mi","$7,600 ",卖车,洛杉矶
https://www.chineseinla.com/f/page_viewtopic/t_2864199.html,2014,丰田,塞纳 XLE,11K多,找不到,卖车,洛杉矶
https://www.chineseinla.com/f/page_viewtopic/t_2810547.html,找不到,福特,福特150,"100,000 mi","$3,000 ",卖车,洛杉矶
https://www.chineseinla.com/f/page_viewtopic/t_2826332.html,2021,美国车,Ram 1500,"31,000 mi","$39,500 ",卖车,洛杉矶
https://www.chineseinla.com/f/page_viewtopic/t_2863753.html,2012,丰田,Prius,"60,000~100,000 mi","$8,500 ",卖车,洛杉矶
https://www.chineseinla.com/f/page_viewtopic/t_2808818.html,2014,宝马,i3,"63,000 mi","$6,300 ",卖车,洛杉矶
https://www.chineseinla.com/f/page_viewtopic/t_2864165.html,2013,尼桑,找不到,"150,000 mi","$5,800 ",卖车,洛杉矶
https://www.chineseinla.com/f/page_viewtopic/t_2864300.html,2009,丰田,凯美瑞,"100,000 mi","$3,000 ",卖车,洛杉矶
https://www.chineseinla.com/f/page_viewtopic/t_2859542.html,2011,本田,找不到,"180,000 mi","$3,000 ",卖车,洛杉矶
https://www.chineseinla.com/f/page_viewtopic/t_2864246.html,2008,英菲尼迪,fx35,"90,000 mi","$6,800 ",卖车,洛杉矶
https://www.chineseinla.com/f/page_viewtopic/t_2812412.html,找不到,尼桑,天籁,"100,000 mi","$3,000 ",卖车,洛杉矶
https://www.chineseinla.com/f/page_viewtopic/t_2799263.html,2009,丰田,Prius,"60,000~100,000 mi","$3,000 ",卖车,洛杉矶
https://www.chineseinla.com/f/page_viewtopic/t_2864276.html,2012,奔驰,奔驰,"130,000 mi","$5,800 ",卖车,洛杉矶
https://www.chineseinla.com/f/page_viewtopic/t_2854104.html,2017,奥迪,q7,"110,000 mi","$12,500 ",卖车,洛杉矶
https://www.chineseinla.com/f/page_viewtopic/t_2864259.html,2022,特斯拉,Model3,"79,000 mi",找不到,卖车,洛杉矶
https://www.chineseinla.com/f/page_viewtopic/t_2864241.html,找不到,特斯拉,model 3,"42,000 mi","$23,880 ",卖车,洛杉矶
https://www.chineseinla.com/f/page_viewtopic/t_2798935.html,11,丰田,Prius,"160,000 mi","$5,300 ",卖车,洛杉矶
https://www.chineseinla.com/f/page_viewtopic/t_2863579.html,2016,凯迪拉克,Escalade ESV,"83,176 mi","$22,000 ",卖车,洛杉矶
https://www.chineseinla.com/f/page_viewtopic/t_2863570.html,2007,本田,Accord,"130,000 mi","$4,000 ",卖车,洛杉矶
https://www.chineseinla.com/f/page_viewtopic/t_2861562.html,2013,丰田,Prius,找不到,"$6,000 ",卖车,洛杉矶
https://www.chineseinla.com/f/page_viewtopic/t_2863717.html,找不到,丰田,Prius,找不到,找不到,租车,洛杉矶
https://www.chineseinla.com/f/page_viewtopic/t_2860512.html,2000,雪弗莱,ASTRO,找不到,"$3,000 ",卖车,洛杉矶
https://www.chineseinla.com/f/page_viewtopic/t_2863177.html,2016,马自达,Mazda6,"130,000 mi","$6,000 ",卖车,洛杉矶
https://www.chineseinla.com/f/page_viewtopic/t_2863172.html,2011,丰田,HIGHLANDER,"140,000 mi",找不到,卖车,洛杉矶
https://www.chineseinla.com/f/page_viewtopic/t_2863163.html,2017,尼桑,Altima,"128,000 mi","$6,000 ",卖车,洛杉矶
https://www.chineseinla.com/f/page_viewtopic/t_2850716.html,2012,福特,箱式车,"200,000 mi","$3,000 ",卖车,洛杉矶
https://www.chineseinla.com/f/page_viewtopic/t_2863144.html,找不到,丰田,凯美瑞,"100,000 mi","$3,000 ",卖车,洛杉矶
https://www.chineseinla.com/f/page_viewtopic/t_2863127.html,2007,本田,Accord,"130,000 mi","$4,000 ",卖车,洛杉矶
https://www.chineseinla.com/f/page_viewtopic/t_2860744.html,2019,凯美瑞,凯美瑞xle混动,"160,000 mi",找不到,卖车,洛杉矶
https://www.chineseinla.com/f/page_viewtopic/t_2863093.html,2021,马自达,Mazda3,"90,000 mi",找不到,卖车,洛杉矶
https://www.chineseinla.com/f/page_viewtopic/t_2863091.html,2020,丰田,Prius,"60,000~100,000 mi",找不到,卖车,洛杉矶
https://www.chineseinla.com/f/page_viewtopic/t_2612171.html,2016,宝马,740Li,"87,000 mi","$16,000 ",卖车,洛杉矶
https://www.chineseinla.com/f/page_viewtopic/t_2863085.html,2019,本田,Accord,"80,000 mi","$15,000 ",卖车,洛杉矶
https://www.chineseinla.com/f/page_viewtopic/t_2845273.html,2024,现代,Elantra,"18,000 mi",找不到,卖车,洛杉矶
https://www.chineseinla.com/f/page_viewtopic/t_2863098.html,2018,本田,CRV,找不到,找不到,卖车,洛杉矶
https://www.chineseinla.com/f/page_viewtopic/t_2855050.html,2015,丰田,Sienna,找不到,找不到,卖车,洛杉矶
https://www.chineseinla.com/f/page_viewtopic/t_2863517.html,2012,尼桑,Sentra,"121,000 mi","$4,900 ",卖车,洛杉矶
https://www.chineseinla.com/f/page_viewtopic/t_2863449.html,2017,特斯拉,Tesla Model X 75D,"85,300","$29,995 ",卖车,洛杉矶
https://www.chineseinla.com/f/page_viewtopic/t_2833484.html,找不到,福特,E150,"100,000 mi","$3,000 ",卖车,洛杉矶
https://www.chineseinla.com/f/page_viewtopic/t_2859684.html,2001,其他,找不到,找不到,"$10,000 ",卖车,洛杉矶
https://www.chineseinla.com/f/page_viewtopic/t_2863441.html,2011,丰田,Sienna,"196,000 mi","$6,800 ",卖车,洛杉矶
https://www.chineseinla.com/f/page_viewtopic/t_2610668.html,2011,丰田,Toyota sienna,"210,000 mi","$6,000 ",卖车,洛杉矶
https://www.chineseinla.com/f/page_viewtopic/t_2863419.html,2014,丰田,普锐斯V,"100,000 mi","$6,000 ",卖车,洛杉矶
https://www.chineseinla.com/f/page_viewtopic/t_2857819.html,2003,雪佛兰,雪佛兰面包车,"160,000 mi","$5,000 ",卖车,洛杉矶
https://www.chineseinla.com/f/page_viewtopic/t_2838483.html,2014,丰田,塞纳XLE,"210,000 mi","$8,000 ",卖车,洛杉矶
https://www.chineseinla.com/f/page_viewtopic/t_2863979.html,2013,本田,HONDA CIVIC,"130,000 mi","$5,000 ",卖车,洛杉矶
https://www.chineseinla.com/f/page_viewtopic/t_2863880.html,2021,凌志,RX350,"28,000 mi",找不到,卖车,洛杉矶
https://www.chineseinla.com/f/page_viewtopic/t_2863767.html,2009,本田,Accord,14.2K,"$7,200 ",卖车,洛杉矶
https://www.chineseinla.com/f/page_viewtopic/t_2863763.html,2007,本田,Accord,"130,000 mi","$4,000 ",卖车,洛杉矶
https://www.chineseinla.com/f/page_viewtopic/t_2831594.html,2012,尼桑,ROGUE,"170,000 mi","$4,500 ",卖车,洛杉矶
https://www.chineseinla.com/f/page_viewtopic/t_2863747.html,2007,本田,Accord,"130,000 mi","$4,000 ",卖车,洛杉矶
https://www.chineseinla.com/f/page_viewtopic/t_2861812.html,2020,丰田,Camry,"100,000 mi","$18,000 ",卖车,洛杉矶
https://www.chineseinla.com/f/page_viewtopic/t_2863884.html,2020,斯巴鲁,AWD,"60,000~100,000 mi",找不到,卖车,洛杉矶
https://www.chineseinla.com/f/page_viewtopic/t_2863398.html,找不到,找不到,找不到,找不到,找不到,卖车,洛杉矶
https://www.chineseinla.com/f/page_viewtopic/t_2863790.html,2008,本田,CR-V,"150,000 mi","$6,800 ",卖车,洛杉矶
https://www.chineseinla.com/f/page_viewtopic/t_2362120.html,2004,福特,找不到,"180,000 mi","$3,000 ",卖车,洛杉矶
https://www.chineseinla.com/f/page_viewtopic/t_2862873.html,2014,丰田,塞纳 XLE,"11,000 mi",找不到,卖车,洛杉矶
https://www.chineseinla.com/f/page_viewtopic/t_2862839.html,2006,丰田,丰田塞纳,"240,000 mi","$3,500 ",卖车,洛杉矶
https://www.chineseinla.com/f/page_viewtopic/t_2830591.html,2021,找不到,Promaster 1500 Cargo Van,"37,809 mi","$5,345 ",卖车,洛杉矶
https://www.chineseinla.com/f/page_viewtopic/t_2856745.html,找不到,本田,奥德赛,"60,000~100,000 mi","$16,800 ",卖车,洛杉矶
https://www.chineseinla.com/f/page_viewtopic/t_2862293.html,找不到,丰田,Toyota SUV,"60,000~100,000 mi","$6,000 ",卖车,洛杉矶
https://www.chineseinla.com/f/page_viewtopic/t_2857037.html,2010,丰田,Corolla,"180,000 mi","$6,000 ",卖车,洛杉矶
https://www.chineseinla.com/f/page_viewtopic/t_2846143.html,2021,尼桑,ALTIMA SV,"60,000~100,000 mi",找不到,卖车,洛杉矶
https://www.chineseinla.com/f/page_viewtopic/t_2862424.html,找不到,丰田,丰田Rav4、本田Crv、普锐斯、日产rogue、斯巴鲁森林人等,"100,000 mi","$6,000 ",买车,洛杉矶
https://www.chineseinla.com/f/page_viewtopic/t_2862368.html,2017,特斯拉,Model X,"75,000","$31,000 ",卖车,洛杉矶
https://www.chineseinla.com/f/page_viewtopic/t_2862748.html,2006,起亚,Optima,"145,759 miles","$2,300 ",卖车,洛杉矶
https://www.chineseinla.com/f/page_viewtopic/t_2862499.html,2009,奔驰,GL450,"80,000 mi","$3,000 ",卖车,洛杉矶
https://www.chineseinla.com/f/page_viewtopic/t_2862803.html,2009,丰田,凯美瑞,"100,000 mi","$3,000 ",卖车,洛杉矶
https://www.chineseinla.com/f/page_viewtopic/t_2862766.html,2015,本田,CRV,"166,000 mi","$11,800 ",卖车,洛杉矶
https://www.chineseinla.com/f/page_viewtopic/t_2862753.html,2022,尼桑,30尺,"48,000",找不到,卖车,洛杉矶
https://www.chineseinla.com/f/page_viewtopic/t_2862738.html,2007,丰田,Prius,"165,586 miles","$4,100 ",卖车,洛杉矶
https://www.chineseinla.com/f/page_viewtopic/t_2862732.html,2009,本田,Civic,"155,096 miles","$4,900 ",卖车,洛杉矶
https://www.chineseinla.com/f/page_viewtopic/t_2862730.html,2015,尼桑,Sentra SR,"124,000","$6,500 ",卖车,洛杉矶
https://www.chineseinla.com/f/page_viewtopic/t_2861720.html,2016,起亚,K12,"125,000 mi","$5,888 ",卖车,洛杉矶
https://www.chineseinla.com/f/page_viewtopic/t_2853389.html,2017,丰田,凯美瑞,"140,000 mi",找不到,卖车,洛杉矶
https://www.chineseinla.com/f/page_viewtopic/t_2854309.html,2021,丰田,RAV4 Prime XSE,"66,029","$33,886 ",卖车,洛杉矶
https://www.chineseinla.com/f/page_viewtopic/t_2863313.html,2007,本田,Accord,"130,000 mi","$4,000 ",卖车,洛杉矶
https://www.chineseinla.com/f/page_viewtopic/t_2863192.html,2020,起亚,Niro,"180,000 mi","$8,800 ",卖车,洛杉矶
https://www.chineseinla.com/f/page_viewtopic/t_2862046.html,2016,尼桑,Altima,"70,000 mi","$9,800 ",卖车,洛杉矶
https://www.chineseinla.com/f/page_viewtopic/t_2861169.html,2014,丰田,Prius,"190,000 mi","$6,888 ",卖车,洛杉矶
https://www.chineseinla.com/f/page_viewtopic/t_2863231.html,2004,本田,Pilot,"185,170","$2,700 ",卖车,洛杉矶
https://www.chineseinla.com/f/page_viewtopic/t_2861204.html,2013,丰田,Prius,"100,000 mi","$6,000 ",卖车,洛杉矶
https://www.chineseinla.com/f/page_viewtopic/t_2862257.html,找不到,奔驰,MPV,"100,000 mi","$6,000 ",卖车,洛杉矶
https://www.chineseinla.com/f/page_viewtopic/t_2862236.html,2010,本田,CRV,"120,000 mi","$6,800 ",卖车,洛杉矶
https://www.chineseinla.com/f/page_viewtopic/t_2861373.html,2016,尼桑,Nissan Rogue,"100,000 mi","$6,000 ",卖车,洛杉矶
https://www.chineseinla.com/f/page_viewtopic/t_2709674.html,2015,本田,Civic,"68,800","$12,800 ",卖车,洛杉矶
https://www.chineseinla.com/f/page_viewtopic/t_2857982.html,2006,丰田,camry,"177,000 mi","$2,800 ",卖车,洛杉矶
https://www.chineseinla.com/f/page_viewtopic/t_2861908.html,2007,本田,Accord,"130,000 mi","$4,000 ",卖车,洛杉矶
https://www.chineseinla.com/f/page_viewtopic/t_2830628.html,2018,雷克萨斯,NX300,"120,000 mi",找不到,卖车,洛杉矶
https://www.chineseinla.com/f/page_viewtopic/t_2862219.html,2024,丰田,Corolla,"45,000 mi",找不到,卖车,洛杉矶
https://www.chineseinla.com/f/page_viewtopic/t_2827846.html,2014,路虎,揽胜运动版,"170,000 mi","$13,500 ",卖车,洛杉矶
https://www.chineseinla.com/f/page_viewtopic/t_2861784.html,2018,丰田,RAV4 LE,"84,000 mi",找不到,卖车,洛杉矶
https://www.chineseinla.com/f/page_viewtopic/t_2860821.html,2014,尼桑,Sentra SV,"150,000 mi","$3,800 ",卖车,洛杉矶
https://www.chineseinla.com/f/page_viewtopic/t_2861808.html,2020,斯巴鲁,Outback touring,"33,500 mi","$28,500 ",卖车,洛杉矶
https://www.chineseinla.com/f/page_viewtopic/t_2824574.html,找不到,丰田,Prius,"100,000 mi","$3,000 ",租车,洛杉矶
https://www.chineseinla.com/f/page_viewtopic/t_2855666.html,2013,本田,奥德赛,"130,000 mi","$6,000 ",卖车,洛杉矶
https://www.chineseinla.com/f/page_viewtopic/t_2859649.html,找不到,尼桑,Nissan Rogue,"165,000 mi","$4,200 ",卖车,洛杉矶
https://www.chineseinla.com/f/page_viewtopic/t_2861840.html,2008,本田,找不到,"60,000~100,000 mi","$3,000 ",卖车,洛杉矶
https://www.chineseinla.com/f/page_viewtopic/t_2741403.html,2014,奔驰,GL450,"110,000 mi","$6,800 ",卖车,洛杉矶
https://www.chineseinla.com/f/page_viewtopic/t_2858295.html,找不到,奔驰,E350,"100,000 mi","$3,000 ",卖车,洛杉矶
https://www.chineseinla.com/f/page_viewtopic/t_2787365.html,2022,丰田,rav4,"84,000 mi",找不到,卖车,洛杉矶
https://www.chineseinla.com/f/page_viewtopic/t_2844220.html,2022,丰田,Avalon,"24,000","$35,888 ",卖车,洛杉矶
https://www.chineseinla.com/f/page_viewtopic/t_2675967.html,2018,福特,F150,"205,000 mi",找不到,卖车,洛杉矶
https://www.chineseinla.com/f/page_viewtopic/t_2862159.html,2010,丰田,Prius,"100,000 mi","$3,000 ",卖车,洛杉矶
https://www.chineseinla.com/f/page_viewtopic/t_2828250.html,1999,本田,Accord,"60,000 mi","$3,500 ",卖车,洛杉矶
https://www.chineseinla.com/f/page_viewtopic/t_2836819.html,2014,丰田,Corolla,"100,000 mi","$11,200 ",卖车,洛杉矶
https://www.chineseinla.com/f/page_viewtopic/t_2861020.html,2013,丰田,Prius,找不到,"$6,800 ",卖车,洛杉矶
https://www.chineseinla.com/f/page_viewtopic/t_2861771.html,2013,丰田,Prius,"135,000 mi","$7,800 ",卖车,洛杉矶
https://www.chineseinla.com/f/page_viewtopic/t_2821726.html,2010,丰田,Prius,"60,000~100,000 mi","$3,000 ",卖车,洛杉矶
https://www.chineseinla.com/f/page_viewtopic/t_2862681.html,2015,马自达,马自达3,"166,000 mi","$3,000 ",卖车,洛杉矶
https://www.chineseinla.com/f/page_viewtopic/t_2862663.html,2016,本田,思域,"110,000 mi","$9,300 ",卖车,洛杉矶
https://www.chineseinla.com/f/page_viewtopic/t_2862848.html,找不到,大众,捷达,"100,000 mi","$3,000 ",卖车,洛杉矶
https://www.chineseinla.com/f/page_viewtopic/t_2862651.html,2004,雷克萨斯,找不到,找不到,"$3,000 ",卖车,洛杉矶
https://www.chineseinla.com/f/page_viewtopic/t_2862509.html,找不到,丰田,RAV4,"100,000 mi",找不到,卖车,洛杉矶
https://www.chineseinla.com/f/page_viewtopic/t_2843407.html,找不到,丰田,mpv,"100,000 mi","$3,000 ",卖车,洛杉矶
https://www.chineseinla.com/f/page_viewtopic/t_2785114.html,找不到,日本车,找不到,"10,000~30,000 mi",找不到,卖车,洛杉矶
https://www.chineseinla.com/f/page_viewtopic/t_2856259.html,2007,吉普,suv,"71,000","$3,500 ",卖车,洛杉矶
https://www.chineseinla.com/f/page_viewtopic/t_2862401.html,2013,丰田,Prius,"180,000 mi","$3,000 ",卖车,洛杉矶
https://www.chineseinla.com/f/page_viewtopic/t_2862632.html,找不到,奔驰,奔驰450,"30,000~60,000 mi",找不到,卖车,洛杉矶
https://www.chineseinla.com/f/page_viewtopic/t_2862539.html,2013,斯巴鲁,BRZ Limited,"150,000 mi","$5,800 ",卖车,洛杉矶
https://www.chineseinla.com/f/page_viewtopic/t_2861662.html,找不到,丰田,普锐斯C,"100,000 mi","$3,000 ",卖车,洛杉矶
https://www.chineseinla.com/f/page_viewtopic/t_2860103.html,2007,丰田,camry,"173,000 mi","$4,000 ",卖车,洛杉矶
https://www.chineseinla.com/f/page_viewtopic/t_2858876.html,2006,丰田,Prius,"140,000 mi","$3,000 ",卖车,洛杉矶
https://www.chineseinla.com/f/page_viewtopic/t_2814479.html,2013,现代,伊兰特,"70,000 mi","$5,500 ",卖车,洛杉矶
https://www.chineseinla.com/f/page_viewtopic/t_2855083.html,17,尼桑,Sentra,"100,000 mi","$6,850 ",卖车,洛杉矶
https://www.chineseinla.com/f/page_viewtopic/t_2855094.html,2023,本田,CRV,"30,000 mi","$29,700 ",卖车,洛杉矶
https://www.chineseinla.com/f/page_viewtopic/t_2860988.html,找不到,本田,拖车,"10,000 mi","$3,000 ",卖车,洛杉矶
https://www.chineseinla.com/f/page_viewtopic/t_2861030.html,2009,丰田,Sienna,找不到,"$3,000 ",卖车,洛杉矶
https://www.chineseinla.com/f/page_viewtopic/t_2861067.html,找不到,丰田,Prius,"100,000 mi","$6,000 ",卖车,洛杉矶
https://www.chineseinla.com/f/page_viewtopic/t_2847283.html,2013,起亚,狮跑,"80,000 mi","$5,900 ",卖车,洛杉矶
https://www.chineseinla.com/f/page_viewtopic/t_2849511.html,找不到,丰田,Corolla,"100,000 mi","$3,000 ",租车,洛杉矶
https://www.chineseinla.com/f/page_viewtopic/t_2861552.html,找不到,尼桑,轿车,"100,000 mi","$3,000 ",卖车,洛杉矶
https://www.chineseinla.com/f/page_viewtopic/t_2861129.html,找不到,其他,trailer,找不到,"$4,800 ",卖车,洛杉矶
https://www.chineseinla.com/f/page_viewtopic/t_2853037.html,2014,丰田,Sienna SE,"174,000 mi","$11,500 ",卖车,洛杉矶
https://www.chineseinla.com/f/page_viewtopic/t_2861529.html,2016,科尔维特,跑车,"18,000 mi","$45,000 ",卖车,洛杉矶
https://www.chineseinla.com/f/page_viewtopic/t_2861452.html,2015,丰田,找不到,"74,000 mi","$16,100 ",卖车,洛杉矶
https://www.chineseinla.com/f/page_viewtopic/t_2861442.html,找不到,丰田,Prius,"100,000 mi","$6,000 ",租车,洛杉矶
https://www.chineseinla.com/f/page_viewtopic/t_2857852.html,2011,本田,奥德赛,"150,000 mi","$6,800 ",卖车,洛杉矶
https://www.chineseinla.com/f/page_viewtopic/t_2862076.html,2013,丰田,Prius,"60,000~100,000 mi","$6,000 ",卖车,洛杉矶
https://www.chineseinla.com/f/page_viewtopic/t_2862073.html,2007,本田,Accord,"130,000 mi","$4,000 ",卖车,洛杉矶
https://www.chineseinla.com/f/page_viewtopic/t_2841537.html,2021,丰田,Rav4,"70,000 mi",找不到,卖车,洛杉矶
https://www.chineseinla.com/f/page_viewtopic/t_2862004.html,找不到,宝马,x5,"60,000~100,000 mi",找不到,卖车,洛杉矶
https://www.chineseinla.com/f/page_viewtopic/t_2845220.html,2011,马自达,6,"130,000 mi","$5,800 ",卖车,洛杉矶
https://www.chineseinla.com/f/page_viewtopic/t_2859971.html,2016,丰田,Corolla,找不到,找不到,卖车,洛杉矶
https://www.chineseinla.com/f/page_viewtopic/t_2861912.html,2009,丰田,Corolla,60000-100000,"$3,000 ",卖车,洛杉矶
https://www.chineseinla.com/f/page_viewtopic/t_2860922.html,8,丰田,Prius,"160,000 mi","$3,750 ",卖车,洛杉矶
https://www.chineseinla.com/f/page_viewtopic/t_2860613.html,2004,大众,帕萨特,"158,987","$1,500 ",卖车,洛杉矶
https://www.chineseinla.com/f/page_viewtopic/t_2860456.html,找不到,雷克萨斯,找不到,"100,000 mi","$3,000 ",卖车,洛杉矶
https://www.chineseinla.com/f/page_viewtopic/t_2860139.html,找不到,雷克萨斯,CT200h,"60,000~100,000 mi",找不到,卖车,洛杉矶
https://www.chineseinla.com/f/page_viewtopic/t_2860527.html,2007,本田,CIvic思域,"136,534","$3,900 ",卖车,洛杉矶
https://www.chineseinla.com/f/page_viewtopic/t_2860541.html,2009,本田,Accord,"142,000 mi","$7,200 ",卖车,洛杉矶
https://www.chineseinla.com/f/page_viewtopic/t_2860544.html,2020,丰田,Camry,"80,000 mi","$19,500 ",卖车,洛杉矶
https://www.chineseinla.com/f/page_viewtopic/t_2839454.html,找不到,宝马,宝马X3,"60,000~100,000 mi",找不到,卖车,洛杉矶
https://www.chineseinla.com/f/page_viewtopic/t_2860787.html,2008,凯美瑞,Toyota凯美瑞,"200,000 mi","$3,000 ",卖车,洛杉矶
https://www.chineseinla.com/f/page_viewtopic/t_2584053.html,找不到,阿尔法罗密欧,alpha Romeo SUV,找不到,"$3,000 ",卖车,洛杉矶
https://www.chineseinla.com/f/page_viewtopic/t_2844755.html,找不到,德国车,捷达,"100,000 mi","$3,800 ",卖车,洛杉矶
https://www.chineseinla.com/f/page_viewtopic/t_2829192.html,2015,路虎,发现四,"120,000 mi","$15,900 ",卖车,洛杉矶
https://www.chineseinla.com/f/page_viewtopic/t_2851730.html,2008,本田,Odyssey,"114,400 mi","$3,000 ",卖车,洛杉矶
https://www.chineseinla.com/f/page_viewtopic/t_2856623.html,2017,本田,思域,"100,000 mi","$6,000 ",卖车,洛杉矶
https://www.chineseinla.com/f/page_viewtopic/t_2819509.html,2019,尼桑,ISUZU FTR,"83,000 mi","$45,000 ",卖车,洛杉矶
https://www.chineseinla.com/f/page_viewtopic/t_2861507.html,找不到,特斯拉,Tesla model Y,"10,000~30,000 mi",找不到,卖车,洛杉矶
https://www.chineseinla.com/f/page_viewtopic/t_2861347.html,2007,本田,Accord,"130,000 mi","$4,000 ",卖车,洛杉矶
https://www.chineseinla.com/f/page_viewtopic/t_2861304.html,找不到,丰田,Prius,"60,000~100,000 mi","$6,000 ",卖车,洛杉矶
https://www.chineseinla.com/f/page_viewtopic/t_2834105.html,找不到,日本车,suv,"60,000~100,000 mi","$16,880 ",卖车,洛杉矶
https://www.chineseinla.com/f/page_viewtopic/t_2777774.html,2010,本田,GL1800,"58,000 mi","$35,000 ",卖车,洛杉矶
https://www.chineseinla.com/f/page_viewtopic/t_2852662.html,2020,奔驰,A220,"50,000 mi","$18,500 ",卖车,洛杉矶
https://www.chineseinla.com/f/page_viewtopic/t_2860641.html,2015,丰田,RAV4 XLE,找不到,找不到,卖车,洛杉矶
https://www.chineseinla.com/f/page_viewtopic/t_2861240.html,2013,丰田,Prius,"100,000 mi","$7,800 ",卖车,洛杉矶
https://www.chineseinla.com/f/page_viewtopic/t_2855729.html,2017,丰田,Prius,"60,000~100,000 mi",找不到,卖车,洛杉矶
https://www.chineseinla.com/f/page_viewtopic/t_2861369.html,2022,雅马哈,MT03,289 mi,"$5,000 ",卖车,洛杉矶
https://www.chineseinla.com/f/page_viewtopic/t_2861376.html,2021,丰田,A91 GR Supra,"9,200 mi",找不到,卖车,洛杉矶
https://www.chineseinla.com/f/page_viewtopic/t_2859531.html,2015,尼桑,Sentra,"100,000 mi","$3,000 ",卖车,洛杉矶
https://www.chineseinla.com/f/page_viewtopic/t_2854332.html,2014,宝马,X5,"123,000 mi","$8,700 ",卖车,洛杉矶
https://www.chineseinla.com/f/page_viewtopic/t_2860379.html,2016,丰田,Prius,"110,000 mi","$12,800 ",卖车,洛杉矶
https://www.chineseinla.com/f/page_viewtopic/t_2859200.html,2016,丰田,Prius,"110,000 mi","$12,800 ",卖车,洛杉矶
https://www.chineseinla.com/f/page_viewtopic/t_2860367.html,2009,丰田,Corolla,"60,000~100,000 mi","$3,000 ",卖车,洛杉矶
https://www.chineseinla.com/f/page_viewtopic/t_2841100.html,找不到,找不到,找不到,"60,000~100,000 mi","$3,000 ",卖车,洛杉矶
https://www.chineseinla.com/f/page_viewtopic/t_2662562.html,2008,宝马,535i,"106,500 mi","$7,200 ",卖车,洛杉矶
https://www.chineseinla.com/f/page_viewtopic/t_2860410.html,2019,凯美瑞,凯美瑞,"160,000 mi",找不到,卖车,洛杉矶
https://www.chineseinla.com/f/page_viewtopic/t_2860415.html,2013,宝马,740,"60,000~100,000 mi","$6,000 ",卖车,洛杉矶
https://www.chineseinla.com/f/page_viewtopic/t_2826339.html,2022,宝马,330i,"45,000 mi",找不到,卖车,洛杉矶
https://www.chineseinla.com/f/page_viewtopic/t_2860433.html,2019,本田,Accord,"80,000 mi",找不到,卖车,洛杉矶
https://www.chineseinla.com/f/page_viewtopic/t_2860436.html,2016,特斯拉,MODEL X,"60,000 mi",找不到,卖车,洛杉矶
https://www.chineseinla.com/f/page_viewtopic/t_2860439.html,2021,马自达,Mazda3,"90,000 mi",找不到,卖车,洛杉矶
https://www.chineseinla.com/f/page_viewtopic/t_2793014.html,找不到,尼桑,找不到,找不到,找不到,卖车,洛杉矶
https://www.chineseinla.com/f/page_viewtopic/t_2859734.html,找不到,日本车,MPV,"100,000 mi","$6,000 ",卖车,洛杉矶
https://www.chineseinla.com/f/page_viewtopic/t_2859831.html,2013,丰田,Prius,"60,000~100,000 mi","$6,000 ",卖车,洛杉矶
https://www.chineseinla.com/f/page_viewtopic/t_2846530.html,2015,丰田,凯美瑞,"60,000 mi","$13,800 ",卖车,洛杉矶
https://www.chineseinla.com/f/page_viewtopic/t_2848046.html,2014,丰田,Camry SE,"130,000 mi","$10,500 ",卖车,洛杉矶
https://www.chineseinla.com/f/page_viewtopic/t_2859844.html,2007,本田,Accord,"225,896 mi","$4,000 ",卖车,洛杉矶
https://www.chineseinla.com/f/page_viewtopic/t_2859936.html,2010,雷克萨斯,找不到,"100,000 mi","$6,000 ",卖车,洛杉矶
https://www.chineseinla.com/f/page_viewtopic/t_2856179.html,找不到,丰田,丰田普锐斯c,"220,000 mi","$3,000 ",卖车,洛杉矶
https://www.chineseinla.com/f/page_viewtopic/t_2846702.html,2010,丰田,Prius,"150,000 mi","$6,000 ",卖车,洛杉矶
https://www.chineseinla.com/f/page_viewtopic/t_2860187.html,2005,捷豹,xj8L,"160,000 mi","$3,000 ",卖车,洛杉矶
https://www.chineseinla.com/f/page_viewtopic/t_2856187.html,2015,丰田,普锐斯Prius,"100,000 mi","$6,000 ",卖车,洛杉矶
https://www.chineseinla.com/f/page_viewtopic/t_2795541.html,2014,宝马,X1,"90,000 mi","$7,800 ",卖车,洛杉矶
https://www.chineseinla.com/f/page_viewtopic/t_2785255.html,2014,丰田,普瑞斯,"190,000 mi","$6,666 ",卖车,洛杉矶
https://www.chineseinla.com/f/page_viewtopic/t_2860578.html,2009,丰田,凯美瑞,"154,245","$3,900 ",卖车,洛杉矶
https://www.chineseinla.com/f/page_viewtopic/t_2860574.html,2011,宝马,328i Sedan,"60,000~100,000 mi","$7,900 ",卖车,洛杉矶
https://www.chineseinla.com/f/page_viewtopic/t_2150578.html,2015,奔驰,Winnebago Mercedes Sprinter,"70,000 mi",找不到,卖车,洛杉矶
https://www.chineseinla.com/f/page_viewtopic/t_2854762.html,2015,奔驰,C300,"60,000~100,000 mi",找不到,卖车,洛杉矶
https://www.chineseinla.com/f/page_viewtopic/t_2860732.html,2015,宝马,bmw 428i convertible,90k miles,"$14,500 ",卖车,洛杉矶
https://www.chineseinla.com/f/page_viewtopic/t_2857044.html,2019,本田,奥德赛,"120,000 mi",找不到,卖车,洛杉矶
https://www.chineseinla.com/f/page_viewtopic/t_2860689.html,2013,丰田,Prius,"100,000 mi","$6,000 ",卖车,洛杉矶
https://www.chineseinla.com/f/page_viewtopic/t_2850793.html,2016,尼桑,Versa,"90,000 mi","$6,800 ",卖车,洛杉矶
https://www.chineseinla.com/f/page_viewtopic/t_2860649.html,2022,丰田,塞纳 XSE,"50,000 mi","$41,500 ",卖车,洛杉矶
https://www.chineseinla.com/f/page_viewtopic/t_2860628.html,2007,本田,Accord,"130,000 mi","$4,000 ",卖车,洛杉矶
https://www.chineseinla.com/f/page_viewtopic/t_2859247.html,找不到,丰田,Prius,"150,000 mi","$3,000 ",卖车,洛杉矶
https://www.chineseinla.com/f/page_viewtopic/t_2859591.html,找不到,雷克萨斯,RX350,"100,000 mi","$6,000 ",卖车,洛杉矶
https://www.chineseinla.com/f/page_viewtopic/t_2750753.html,2011,凌志 (雷克萨斯),LS460,"29,000 mi","$26,800 ",卖车,洛杉矶
https://www.chineseinla.com/f/page_viewtopic/t_2840149.html,2016,保时捷,卡宴,"80,000 mi","$16,500 ",卖车,洛杉矶
https://www.chineseinla.com/f/page_viewtopic/t_2859687.html,2007,本田,Accord,"130,000 mi","$4,000 ",卖车,洛杉矶
https://www.chineseinla.com/f/page_viewtopic/t_2859692.html,找不到,丰田,Prius,"100,000 mi","$6,000 ",卖车,洛杉矶
https://www.chineseinla.com/f/page_viewtopic/t_2854584.html,2015,讴歌,RDX,"99,592mi","$10,888 ",卖车,洛杉矶
https://www.chineseinla.com/f/page_viewtopic/t_2857597.html,2017,道奇,RAM1500,"100,000 mi","$14,900 ",卖车,洛杉矶
https://www.chineseinla.com/f/page_viewtopic/t_2859522.html,找不到,丰田,Prius,"60,000~100,000 mi","$6,000 ",卖车,洛杉矶
https://www.chineseinla.com/f/page_viewtopic/t_2852988.html,2018,丰田,Corolla,"30,000~60,000 mi",找不到,卖车,洛杉矶
https://www.chineseinla.com/f/page_viewtopic/t_2859162.html,2004,丰田,Scion xA,"141,044","$3,400 ",卖车,洛杉矶
https://www.chineseinla.com/f/page_viewtopic/t_2841565.html,2014,丰田,Camry,"110,000 mi",找不到,卖车,洛杉矶
https://www.chineseinla.com/f/page_viewtopic/t_2859098.html,2022,丰田,XSE,"50,000 mi","$41,500 ",卖车,洛杉矶
https://www.chineseinla.com/f/page_viewtopic/t_2859157.html,2006,日产尼桑,Murano,"167,673","$3,000 ",卖车,洛杉矶
https://www.chineseinla.com/f/page_viewtopic/t_2859164.html,找不到,丰田,Prius,"100,000 mi","$6,000 ",卖车,洛杉矶
https://www.chineseinla.com/f/page_viewtopic/t_2822539.html,找不到,找不到,摩托,找不到,"$3,000 ",卖车,洛杉矶
https://www.chineseinla.com/f/page_viewtopic/t_2858763.html,2022,丰田,凯美瑞,"89,000 mi","$22,000 ",卖车,洛杉矶
https://www.chineseinla.com/f/page_viewtopic/t_2845078.html,2016,丰田,凯美瑞,"60,000~100,000 mi",找不到,卖车,洛杉矶
https://www.chineseinla.com/f/page_viewtopic/t_2859218.html,找不到,丰田,汉兰达,"100,000 mi",找不到,卖车,洛杉矶
https://www.chineseinla.com/f/page_viewtopic/t_2831940.html,2007,雷克萨斯,ES350,"88,000 mi","$8,200 ",卖车,洛杉矶
https://www.chineseinla.com/f/page_viewtopic/t_2859338.html,2017,本田,pilot,"130,000 mi","$12,000 ",卖车,洛杉矶
https://www.chineseinla.com/f/page_viewtopic/t_2842690.html,2017,雷克萨斯,RX350,"80,000 mi",找不到,卖车,洛杉矶
https://www.chineseinla.com/f/page_viewtopic/t_2857174.html,2012,福特,福克斯SEL,"86,378 mi","$4,300 ",卖车,洛杉矶
https://www.chineseinla.com/f/page_viewtopic/t_2859443.html,2010,宝马,MINI COOPER,"135,368","$4,900 ",卖车,洛杉矶
https://www.chineseinla.com/f/page_viewtopic/t_2859438.html,2007,本田,Accord,"130,000 mi","$4,000 ",卖车,洛杉矶
https://www.chineseinla.com/f/page_viewtopic/t_2859398.html,2010,现代,Elantra,"125,066","$3,700 ",卖车,洛杉矶
https://www.chineseinla.com/f/page_viewtopic/t_2860149.html,2012,奔驰,高顶,"275,000","$6,000 ",卖车,洛杉矶
https://www.chineseinla.com/f/page_viewtopic/t_2860121.html,找不到,丰田,Toyota,"100,000 mi","$3,000 ",卖车,洛杉矶
https://www.chineseinla.com/f/page_viewtopic/t_2860106.html,找不到,丰田,丰田塞纳,"100,000 mi","$3,000 ",卖车,洛杉矶
https://www.chineseinla.com/f/page_viewtopic/t_2860054.html,2003,丰田,CAMRY,找不到,"$3,000 ",卖车,洛杉矶
https://www.chineseinla.com/f/page_viewtopic/t_2860052.html,2012,大众,捷达SE,找不到,"$3,000 ",卖车,洛杉矶
https://www.chineseinla.com/f/page_viewtopic/t_2860034.html,2022,丰田,塞纳XSE,"50,000 mi","$41,500 ",卖车,洛杉矶
https://www.chineseinla.com/f/page_viewtopic/t_2858438.html,2019,丰田,RAV4 XLE,"70,000 mi","$19,500 ",卖车,洛杉矶
https://www.chineseinla.com/f/page_viewtopic/t_2849068.html,2019,雷克萨斯,es300h,"200,000 mi","$16,500 ",卖车,洛杉矶
https://www.chineseinla.com/f/page_viewtopic/t_2859351.html,2007,本田,Accord,"130,000 mi","$4,000 ",卖车,洛杉矶
https://www.chineseinla.com/f/page_viewtopic/t_2851661.html,2015,丰田,丰田普锐斯,"110,000 mi","$7,999 ",卖车,洛杉矶
https://www.chineseinla.com/f/page_viewtopic/t_2859372.html,2018,普锐斯,prius,"60,000~100,000 mi",找不到,卖车,洛杉矶
https://www.chineseinla.com/f/page_viewtopic/t_2858462.html,找不到,找不到,找不到,找不到,"$3,000 ",卖车,洛杉矶
https://www.chineseinla.com/f/page_viewtopic/t_2841250.html,2007,丰田,Prius,"100,000 mi","$3,000 ",卖车,洛杉矶
https://www.chineseinla.com/f/page_viewtopic/t_2858986.html,2011,丰田,汉兰达,"140,000 mi",找不到,卖车,洛杉矶
https://www.chineseinla.com/f/page_viewtopic/t_2859303.html,2024,丰田,卡罗拉混动SE,"45,000 mi",找不到,卖车,洛杉矶
https://www.chineseinla.com/f/page_viewtopic/t_2859392.html,2016,特斯拉,MODEL X,"60,000 mi",找不到,卖车,洛杉矶
https://www.chineseinla.com/f/page_viewtopic/t_2823652.html,2023,KTM,MC,"3,256 mi",找不到,卖车,洛杉矶
https://www.chineseinla.com/f/page_viewtopic/t_2847209.html,2016,美国车,找不到,"100,000 mi","$6,000 ",卖车,洛杉矶
https://www.chineseinla.com/f/page_viewtopic/t_2832807.html,找不到,雪佛兰,1500,找不到,"$3,000 ",卖车,洛杉矶
https://www.chineseinla.com/f/page_viewtopic/t_2858999.html,2007,雷克萨斯,ES350,"200,000 mi","$4,680 ",卖车,洛杉矶
https://www.chineseinla.com/f/page_viewtopic/t_2857496.html,2020,本田,Clarity,"200,000 mi","$9,950 ",卖车,洛杉矶
https://www.chineseinla.com/f/page_viewtopic/t_2852271.html,2014,奔驰,GL450,"130,000 mi","$6,800 ",卖车,洛杉矶
https://www.chineseinla.com/f/page_viewtopic/t_2857578.html,2019,本田,Accord,"80,000 mi",找不到,卖车,洛杉矶
https://www.chineseinla.com/f/page_viewtopic/t_2759849.html,2015,现代,sonata,"130,000 mi","$3,000 ",卖车,洛杉矶
https://www.chineseinla.com/f/page_viewtopic/t_2847429.html,2017,现代,伊兰特,找不到,"$6,000 ",卖车,洛杉矶
https://www.chineseinla.com/f/page_viewtopic/t_2857387.html,2012,福特,福克斯SEL,"86,378 mi","$4,300 ",卖车,洛杉矶
https://www.chineseinla.com/f/page_viewtopic/t_2855173.html,2017,现代,SANTA FE SPORT,"50,000 mi",价格面议,卖车,洛杉矶
https://www.chineseinla.com/f/page_viewtopic/t_2837798.html,2014,丰田,凯美瑞,"140,000 mi","$4,999 ",卖车,洛杉矶
https://www.chineseinla.com/f/page_viewtopic/t_2805151.html,2014,丰田,Corolla,"150,000 mi","$7,800 ",卖车,洛杉矶
https://www.chineseinla.com/f/page_viewtopic/t_2859683.html,找不到,丰田,Camry,"60,000~100,000 mi","$3,000 ",卖车,洛杉矶
https://www.chineseinla.com/f/page_viewtopic/t_2859234.html,2016,保时捷,卡宴,"80,000 mi",找不到,卖车,洛杉矶
https://www.chineseinla.com/f/page_viewtopic/t_2858846.html,2014,雷克萨斯,CT200h,找不到,"$11,500 ",卖车,洛杉矶
https://www.chineseinla.com/f/page_viewtopic/t_2858648.html,2013,雷克萨斯,RX450h,"130,000 mi","$10,900 ",卖车,洛杉矶
https://www.chineseinla.com/f/page_viewtopic/t_2832299.html,2018,雷克萨斯,RX 450HL,"130,000 mi",找不到,卖车,洛杉矶
https://www.chineseinla.com/f/page_viewtopic/t_2859026.html,找不到,丰田,普锐斯V,"100,000 mi","$6,000 ",租车,洛杉矶
https://www.chineseinla.com/f/page_viewtopic/t_2859395.html,2021,马自达,Mazda3,"90,000 mi",找不到,卖车,洛杉矶
https://www.chineseinla.com/f/page_viewtopic/t_2858712.html,2019,丰田,凯美瑞,"160,000 mi",找不到,卖车,洛杉矶
https://www.chineseinla.com/f/page_viewtopic/t_2858482.html,2015,本田,civic,找不到,"$6,000 ",卖车,洛杉矶
https://www.chineseinla.com/f/page_viewtopic/t_2854935.html,找不到,找不到,找不到,找不到,找不到,买车,洛杉矶
https://www.chineseinla.com/f/page_viewtopic/t_2858720.html,2007,本田,Accord,"130,000 mi","$4,500 ",卖车,洛杉矶
https://www.chineseinla.com/f/page_viewtopic/t_2081108.html,找不到,找不到,找不到,找不到,找不到,卖车,洛杉矶
https://www.chineseinla.com/f/page_viewtopic/t_2747411.html,2017,尼桑,找不到,"120,000 mi","$9,500 ",卖车,洛杉矶
https://www.chineseinla.com/f/page_viewtopic/t_2858704.html,找不到,奔驰,敞篷车,"100,000 mi","$3,000 ",卖车,洛杉矶
https://www.chineseinla.com/f/page_viewtopic/t_2852138.html,2015,英菲尼迪,QX60,"110,000 mi","$12,800 ",卖车,洛杉矶
https://www.chineseinla.com/f/page_viewtopic/t_2858357.html,找不到,特斯拉,Model S,"60,000~100,000 mi","$3,000 ",租车,洛杉矶
https://www.chineseinla.com/f/page_viewtopic/t_2752296.html,2014,丰田,Sienna,"210,000 mi","$8,000 ",卖车,洛杉矶
https://www.chineseinla.com/f/page_viewtopic/t_2858404.html,2009,本田,Civic思域,"131,169","$5,200 ",卖车,洛杉矶
https://www.chineseinla.com/f/page_viewtopic/t_2527064.html,找不到,找不到,找不到,找不到,"$3,000 ",卖车,洛杉矶
https://www.chineseinla.com/f/page_viewtopic/t_2857090.html,2014,玛莎拉蒂,Ghibli,"56,000",找不到,卖车,洛杉矶
https://www.chineseinla.com/f/page_viewtopic/t_2856323.html,2009,丰田,Sienna XlE,找不到,"$7,500 ",卖车,洛杉矶
https://www.chineseinla.com/f/page_viewtopic/t_2845480.html,2018,克莱斯勒,Pacifica,65800mile,"$14,000 ",卖车,洛杉矶
https://www.chineseinla.com/f/page_viewtopic/t_2853204.html,2010,斯巴鲁,Subaru Forester,"60,000~100,000 mi","$7,950 ",卖车,洛杉矶
https://www.chineseinla.com/f/page_viewtopic/t_2850380.html,找不到,找不到,找不到,找不到,找不到,卖车,洛杉矶
https://www.chineseinla.com/f/page_viewtopic/t_2850384.html,找不到,找不到,找不到,找不到,找不到,卖车,洛杉矶
https://www.chineseinla.com/f/page_viewtopic/t_2847823.html,找不到,找不到,找不到,找不到,找不到,卖车,洛杉矶
https://www.chineseinla.com/f/page_viewtopic/t_2858813.html,2013,雷克萨斯,CT200h,"70,000 mi",找不到,卖车,洛杉矶
https://www.chineseinla.com/f/page_viewtopic/t_2858855.html,2023,本田,Accord,"62,672 mi",找不到,卖车,洛杉矶
https://www.chineseinla.com/f/page_viewtopic/t_2858840.html,2022,丰田,XSE,"50,000 mi","$41,500 ",卖车,洛杉矶
https://www.chineseinla.com/f/page_viewtopic/t_2735213.html,找不到,奔驰宝马,找不到,"30,000~60,000 mi",找不到,买车,洛杉矶
https://www.chineseinla.com/f/page_viewtopic/t_2858469.html,2012,尼桑,Sentra S,"140,000 mi","$3,800 ",卖车,洛杉矶
https://www.chineseinla.com/f/page_viewtopic/t_2857672.html,2012,丰田,Camry,"165,300 mi","$6,900 ",卖车,洛杉矶
https://www.chineseinla.com/f/page_viewtopic/t_2857711.html,找不到,找不到,找不到,找不到,"$3,000 ",找不到,洛杉矶
https://www.chineseinla.com/f/page_viewtopic/t_2857670.html,2003,丰田,CAMRY,找不到,"$3,000 ",卖车,洛杉矶
https://www.chineseinla.com/f/page_viewtopic/t_2852944.html,2025,丰田,Toyota Camry,找不到,"$3,000 ",租车,洛杉矶
https://www.chineseinla.com/f/page_viewtopic/t_2858140.html,2014,丰田,Sienna,"200,000 mi","$7,500 ",卖车,洛杉矶
https://www.chineseinla.com/f/page_viewtopic/t_2858129.html,2010,丰田,Prius,"210,000 mi","$6,100 ",卖车,洛杉矶
https://www.chineseinla.com/f/page_viewtopic/t_2856353.html,2016,本田,Accord,"66,000 mi",找不到,卖车,洛杉矶
https://www.chineseinla.com/f/page_viewtopic/t_2854966.html,2013,本田,Civic,"140,000 mi","$6,800 ",卖车,洛杉矶
https://www.chineseinla.com/f/page_viewtopic/t_2858120.html,2009,本田,奥德赛,"150,000 mi","$6,500 ",卖车,洛杉矶
https://www.chineseinla.com/f/page_viewtopic/t_2857848.html,2014,福特,Fusion SE,"125,000","$3,600 ",卖车,洛杉矶
https://www.chineseinla.com/f/page_viewtopic/t_2851717.html,2007,雷克萨斯,RX350,"160,000 mi","$3,000 ",卖车,洛杉矶
https://www.chineseinla.com/f/page_viewtopic/t_2848731.html,2006,本田,CRV,"120,000 mi","$6,800 ",卖车,洛杉矶
https://www.chineseinla.com/f/page_viewtopic/t_2841018.html,2007,丰田,Sienna,"100,000 mi","$3,000 ",卖车,洛杉矶
https://www.chineseinla.com/f/page_viewtopic/t_2858339.html,2013,丰田,Prius,找不到,"$6,000 ",卖车,洛杉矶
https://www.chineseinla.com/f/page_viewtopic/t_2855126.html,2007,丰田,sienna,"240,000 mi","$2,300 ",卖车,洛杉矶
https://www.chineseinla.com/f/page_viewtopic/t_2858186.html,2022,特斯拉,Model3,"62,000 mi",找不到,卖车,洛杉矶
https://www.chineseinla.com/f/page_viewtopic/t_2858219.html,2021,美国车,T680,"550,000 mi",找不到,卖车,洛杉矶
https://www.chineseinla.com/f/page_viewtopic/t_2833730.html,2012,奥迪,Q5,"70,000 mi","$8,500 ",卖车,洛杉矶
https://www.chineseinla.com/f/page_viewtopic/t_2853412.html,2019,奔驰,GLC300,"50,000 mi","$21,800 ",卖车,洛杉矶
https://www.chineseinla.com/f/page_viewtopic/t_2858352.html,找不到,尼桑,Sentra,"60,000~100,000 mi","$6,000 ",卖车,洛杉矶
https://www.chineseinla.com/f/page_viewtopic/t_2851910.html,2014,起亚,rio,"140,000 mi","$3,800 ",卖车,洛杉矶
https://www.chineseinla.com/f/page_viewtopic/t_2857092.html,2009,本田,Accord,142k miles,"$7,500 ",卖车,洛杉矶
https://www.chineseinla.com/f/page_viewtopic/t_2857152.html,2023,丰田,丰田卡罗拉油电混动,找不到,找不到,租车,洛杉矶
https://www.chineseinla.com/f/page_viewtopic/t_2845948.html,2000,本田,奥德赛,找不到,"$1,300 ",卖车,洛杉矶
https://www.chineseinla.com/f/page_viewtopic/t_2857234.html,2007,本田,Accord,"130,000 mi","$4,500 ",卖车,洛杉矶
https://www.chineseinla.com/f/page_viewtopic/t_2857188.html,2023,特斯拉,Tesla 3,找不到,"$25,000 ",卖车,洛杉矶
https://www.chineseinla.com/f/page_viewtopic/t_2857195.html,2008,本田,思域,"210,000 mi","$3,000 ",卖车,洛杉矶
https://www.chineseinla.com/f/page_viewtopic/t_2851571.html,2006,丰田,Corolla,"150,000 mi","$3,500 ",卖车,洛杉矶
https://www.chineseinla.com/f/page_viewtopic/t_2843495.html,2010,丰田,Prius,"190,000 mi","$4,850 ",卖车,洛杉矶
https://www.chineseinla.com/f/page_viewtopic/t_2854748.html,2023,奔驰,GLS450,"15,000","$69,000 ",卖车,洛杉矶
https://www.chineseinla.com/f/page_viewtopic/t_2856869.html,2023,丰田,Mirai,"24,000 mi","$7,500 ",卖车,洛杉矶
https://www.chineseinla.com/f/page_viewtopic/t_2849226.html,2018,本田,Accord,"38,000 mi",找不到,卖车,洛杉矶
https://www.chineseinla.com/f/page_viewtopic/t_2856883.html,2017,丰田,Rav4 LE,"100,200 mi",找不到,卖车,洛杉矶
https://www.chineseinla.com/f/page_viewtopic/t_2857692.html,2016,马自达,Mazda6,找不到,"$6,000 ",卖车,洛杉矶
https://www.chineseinla.com/f/page_viewtopic/t_2857691.html,2013,雷克萨斯,CT200h,"130,000 mi",找不到,卖车,洛杉矶
https://www.chineseinla.com/f/page_viewtopic/t_2857696.html,2019,本田,Accord,"80,000 mi",找不到,卖车,洛杉矶
https://www.chineseinla.com/f/page_viewtopic/t_2857697.html,2020,特斯拉,MODEL Y,"40,000 mi",找不到,卖车,洛杉矶
https://www.chineseinla.com/f/page_viewtopic/t_2857701.html,2016,特斯拉,MODEL X,"60,000 mi",找不到,卖车,洛杉矶
https://www.chineseinla.com/f/page_viewtopic/t_2857704.html,2013,丰田,Prius,找不到,"$6,000 ",卖车,洛杉矶
https://www.chineseinla.com/f/page_viewtopic/t_2857729.html,找不到,丰田,普锐思,"100,000 mi","$3,000 ",卖车,洛杉矶
https://www.chineseinla.com/f/page_viewtopic/t_2849416.html,2023,丰田,BZ4X,找不到,"$31,500 ",卖车,洛杉矶
https://www.chineseinla.com/f/page_viewtopic/t_2788658.html,找不到,道奇,SUV,找不到,找不到,租车,洛杉矶
https://www.chineseinla.com/f/page_viewtopic/t_2857363.html,2010,丰田,LE,"110,000 mi","$5,200 ",卖车,洛杉矶
https://www.chineseinla.com/f/page_viewtopic/t_2857093.html,找不到,丰田,Prius,"100,000 mi","$6,000 ",卖车,洛杉矶
https://www.chineseinla.com/f/page_viewtopic/t_2831524.html,2011,丰田,Sienna,"200,000 mi","$6,500 ",卖车,洛杉矶
https://www.chineseinla.com/f/page_viewtopic/t_2857550.html,2019,本田,Accord,"60,000~100,000 mi",找不到,卖车,洛杉矶
https://www.chineseinla.com/f/page_viewtopic/t_2847242.html,2019,雷克萨斯,NX300H,"100,000 mi",找不到,卖车,洛杉矶
https://www.chineseinla.com/f/page_viewtopic/t_2845214.html,找不到,尼桑,Sentra,"100,000 mi","$3,000 ",租车,洛杉矶
https://www.chineseinla.com/f/page_viewtopic/t_2841739.html,2005,丰田,TUNDRA,"130,000 mi","$9,500 ",卖车,洛杉矶
https://www.chineseinla.com/f/page_viewtopic/t_2847140.html,找不到,Isuzu,16尺,"24,000 mi",找不到,卖车,洛杉矶
https://www.chineseinla.com/f/page_viewtopic/t_2858000.html,2003,奔驰,找不到,"190,000 mi","$2,500 ",卖车,洛杉矶
https://www.chineseinla.com/f/page_viewtopic/t_2858050.html,2024,特斯拉,Y,"30,000 mi",找不到,卖车,洛杉矶
https://www.chineseinla.com/f/page_viewtopic/t_2590326.html,找不到,丰田,toyota,找不到,"$17,000 ",卖车,洛杉矶
https://www.chineseinla.com/f/page_viewtopic/t_2857931.html,2016,丰田,Camry,"126,000 mi",一万一,卖车,洛杉矶
https://www.chineseinla.com/f/page_viewtopic/t_2789351.html,2011,雷克萨斯,LS 460,"150,000 mi","$8,900 ",卖车,洛杉矶
https://www.chineseinla.com/f/page_viewtopic/t_2856634.html,2017,特斯拉,Model X,"80,000 mi","$31,900 ",卖车,洛杉矶
https://www.chineseinla.com/f/page_viewtopic/t_2852723.html,2016,尼桑,找不到,"80,000 mi","$7,500 ",卖车,洛杉矶
https://www.chineseinla.com/f/page_viewtopic/t_2813890.html,2009,丰田,Camry,"170,000 mi","$4,500 ",卖车,洛杉矶
https://www.chineseinla.com/f/page_viewtopic/t_2856600.html,2013,尼桑,rogue,"160,000 mi","$3,800 ",卖车,洛杉矶
https://www.chineseinla.com/f/page_viewtopic/t_2851429.html,2018,丰田,普锐斯/Prius,"90,000 mi","$12,900 ",卖车,洛杉矶
https://www.chineseinla.com/f/page_viewtopic/t_2849908.html,2013,丰田,普锐斯V,找不到,"$7,500 ",卖车,洛杉矶
https://www.chineseinla.com/f/page_viewtopic/t_2835129.html,2010,丰田,Sienna,"180,000 mi",找不到,卖车,洛杉矶
https://www.chineseinla.com/f/page_viewtopic/t_2856284.html,2022,保时捷,"911Turbo s, 911","6,200 mi","$234,300 ",卖车,洛杉矶
https://www.chineseinla.com/f/page_viewtopic/t_2817957.html,19,尼桑,Kicks,"60,000~100,000 mi","$6,000 ",卖车,洛杉矶
https://www.chineseinla.com/f/page_viewtopic/t_2844685.html,2014,奔驰,ML350,"98,000 mi","$12,000 ",卖车,洛杉矶
https://www.chineseinla.com/f/page_viewtopic/t_2851416.html,2018,丰田,Prius,"90,000 mi","$12,900 ",卖车,洛杉矶
https://www.chineseinla.com/f/page_viewtopic/t_2849705.html,2014,丰田,Camry,找不到,"$4,500 ",卖车,洛杉矶
https://www.chineseinla.com/f/page_viewtopic/t_2856588.html,找不到,丰田,SUV,"10,000 mi",找不到,租车,洛杉矶
https://www.chineseinla.com/f/page_viewtopic/t_2848511.html,找不到,其他,unknown,找不到,找不到,卖车,洛杉矶
https://www.chineseinla.com/f/page_viewtopic/t_2854602.html,2013,雷克萨斯,ct200,"130,000 mi",找不到,卖车,洛杉矶
https://www.chineseinla.com/f/page_viewtopic/t_2857128.html,21,丰田,tundra,"10,000~30,000 mi",找不到,卖车,洛杉矶
https://www.chineseinla.com/f/page_viewtopic/t_2857258.html,2013,丰田,Prius,"100,000 mi","$3,000 ",卖车,洛杉矶
https://www.chineseinla.com/f/page_viewtopic/t_2806396.html,找不到,讴歌,找不到,"100,000 mi","$3,000 ",卖车,洛杉矶
https://www.chineseinla.com/f/page_viewtopic/t_2842590.html,2009,本田,Honda Odyssey EXL,"173,000 mi","$3,500 ",卖车,洛杉矶
https://www.chineseinla.com/f/page_viewtopic/t_2840296.html,2009,马自达,CX-9,"180,000 mi","$6,500 ",卖车,洛杉矶
https://www.chineseinla.com/f/page_viewtopic/t_2845351.html,找不到,本田,找不到,找不到,找不到,卖车,洛杉矶
https://www.chineseinla.com/f/page_viewtopic/t_2857051.html,2015,尼桑,Nissan Sentra,"80,000 mi","$6,000 ",卖车,洛杉矶
https://www.chineseinla.com/f/page_viewtopic/t_2753040.html,找不到,美国车,找不到,"80,000 mi",找不到,卖车,洛杉矶
https://www.chineseinla.com/f/page_viewtopic/t_2856992.html,20,雷克萨斯,nx300h,不到5w迈,找不到,卖车,洛杉矶
https://www.chineseinla.com/f/page_viewtopic/t_2854900.html,2008,马自达,CX-9,"138,000 mi","$6,800 ",卖车,洛杉矶
https://www.chineseinla.com/f/page_viewtopic/t_2824860.html,2023,丰田,Camry,"52,000 mi","$25,800 ",卖车,洛杉矶
https://www.chineseinla.com/f/page_viewtopic/t_2855836.html,2016,日本车,找不到,"160,000 mi","$3,000 ",卖车,洛杉矶
https://www.chineseinla.com/f/page_viewtopic/t_2855840.html,200,丰田,赛纳,"150,000 mi","$7,800 ",卖车,洛杉矶
https://www.chineseinla.com/f/page_viewtopic/t_2855851.html,2016,丰田,Camry SE,"126,000 mi","$11,500 ",卖车,洛杉矶
https://www.chineseinla.com/f/page_viewtopic/t_2855929.html,找不到,找不到,找不到,找不到,找不到,卖车,洛杉矶
https://www.chineseinla.com/f/page_viewtopic/t_2853723.html,找不到,丰田,丰田塞纳,"130,000 mi","$6,000 ",卖车,洛杉矶
https://www.chineseinla.com/f/page_viewtopic/t_2845211.html,2013,尼桑,Pathfinder,"119,000 mi","$6,800 ",卖车,洛杉矶
https://www.chineseinla.com/f/page_viewtopic/t_2855981.html,2007,本田,Accord,"130,000 mi","$4,500 ",卖车,洛杉矶
https://www.chineseinla.com/f/page_viewtopic/t_2839495.html,2006,马自达,3,"110,000 mi","$2,900 ",卖车,洛杉矶
https://www.chineseinla.com/f/page_viewtopic/t_2851640.html,2010,丰田,Rav4,"190,000 mi","$3,800 ",卖车,洛杉矶
https://www.chineseinla.com/f/page_viewtopic/t_2849982.html,2007,丰田,es350,"140,000 mi","$6,000 ",卖车,洛杉矶
https://www.chineseinla.com/f/page_viewtopic/t_2843980.html,2015,尼桑,versa,"135,000 mi","$3,000 ",卖车,洛杉矶
https://www.chineseinla.com/f/page_viewtopic/t_2849960.html,找不到,丰田,Prius,"100,000 mi","$6,000 ",卖车,洛杉矶
https://www.chineseinla.com/f/page_viewtopic/t_2856266.html,2012,尼桑,JUKE,"168,280","$4,350 ",卖车,洛杉矶
https://www.chineseinla.com/f/page_viewtopic/t_2856286.html,找不到,丰田,Prius,"100,000 mi","$3,000 ",卖车,洛杉矶
https://www.chineseinla.com/f/page_viewtopic/t_2856348.html,2005,丰田,Sienna,"200,000 mi","$3,000 ",卖车,洛杉矶
https://www.chineseinla.com/f/page_viewtopic/t_2856355.html,2014,福特,福克斯se,"137,500 mi","$5,600 ",卖车,洛杉矶
https://www.chineseinla.com/f/page_viewtopic/t_2847656.html,2010,本田,Odyssey,"140,000 mi","$5,300 ",卖车,洛杉矶
https://www.chineseinla.com/f/page_viewtopic/t_2843772.html,找不到,丰田,凯美瑞,找不到,"$6,000 ",卖车,洛杉矶
https://www.chineseinla.com/f/page_viewtopic/t_2848360.html,2009,本田,CRV,找不到,"$4,500 ",卖车,洛杉矶
https://www.chineseinla.com/f/page_viewtopic/t_2837173.html,2015,本田,找不到,"100,000 mi","$6,000 ",卖车,洛杉矶
https://www.chineseinla.com/f/page_viewtopic/t_2802956.html,2016,其他,Freightliner Cascadia DD15,"1,100,000 mi","$8,600 ",卖车,洛杉矶
https://www.chineseinla.com/f/page_viewtopic/t_2840679.html,2008,马自达,找不到,"110,000 mi","$2,500 ",卖车,洛杉矶
https://www.chineseinla.com/f/page_viewtopic/t_2856127.html,2015,丰田,Prius,"60,000~100,000 mi","$6,900 ",卖车,洛杉矶
https://www.chineseinla.com/f/page_viewtopic/t_2855391.html,2022,丰田,Sienna XLE,"44,000 mi","$39,000 ",卖车,洛杉矶
https://www.chineseinla.com/f/page_viewtopic/t_2852852.html,2010,丰田,Corolla,"164,228 mi","$4,999 ",卖车,洛杉矶
https://www.chineseinla.com/f/page_viewtopic/t_2856394.html,2013,丰田,Prius,"60,000~100,000 mi","$6,000 ",卖车,洛杉矶
https://www.chineseinla.com/f/page_viewtopic/t_2856396.html,找不到,尼桑,Sentra,"80,000 mi","$6,000 ",卖车,洛杉矶
https://www.chineseinla.com/f/page_viewtopic/t_2845974.html,2006,丰田,Camry,"220,000 mi","$3,200 ",卖车,洛杉矶
https://www.chineseinla.com/f/page_viewtopic/t_2838504.html,2020,尼桑,Sentra,"58,000 mi",找不到,卖车,洛杉矶
https://www.chineseinla.com/f/page_viewtopic/t_2855374.html,2014,玛莎拉蒂,Ghibli,56K,找不到,卖车,洛杉矶
https://www.chineseinla.com/f/page_viewtopic/t_2855307.html,2014,吉普,JEEP,"140,000 mi","$4,500 ",卖车,洛杉矶
https://www.chineseinla.com/f/page_viewtopic/t_2855293.html,2007,本田,Accord,"130,000 mi","$4,500 ",卖车,洛杉矶
https://www.chineseinla.com/f/page_viewtopic/t_2852161.html,2009,本田,思域,"130,000 mi","$4,900 ",卖车,洛杉矶
https://www.chineseinla.com/f/page_viewtopic/t_2855458.html,2014,丰田,Prius,"250,000 mi","$6,500 ",卖车,洛杉矶
https://www.chineseinla.com/f/page_viewtopic/t_2823571.html,2022,瓦格纳（原文为jeep，jeep对应的中文品牌名为瓦格纳，但通常直接使用Jeep作为品牌名，此处按要求用中文表示）,jeep,"20,000 mi","$30,000 ",卖车,洛杉矶
https://www.chineseinla.com/f/page_viewtopic/t_2854575.html,2006,铃木,Suzuki Reno,"91,100 mi","$1,800 ",卖车,洛杉矶
https://www.chineseinla.com/f/page_viewtopic/t_2855486.html,2007,本田,Accord,"130,000 mi","$4,500 ",卖车,洛杉矶
https://www.chineseinla.com/f/page_viewtopic/t_2839906.html,2008,雪弗兰,Van,"190,000 mi","$3,000 ",卖车,洛杉矶
https://www.chineseinla.com/f/page_viewtopic/t_2855260.html,2021,宝马,330i,"50,000 mi",找不到,卖车,洛杉矶
https://www.chineseinla.com/f/page_viewtopic/t_2855256.html,2016,Freightliner,Cascadia,找不到,找不到,卖车,洛杉矶
https://www.chineseinla.com/f/page_viewtopic/t_2855248.html,24,本田,Accord,"13,000 mi","$28,500 ",卖车,洛杉矶
https://www.chineseinla.com/f/page_viewtopic/t_2854840.html,2005,斯巴鲁,Outback,"134,186","$3,700 ",卖车,洛杉矶
https://www.chineseinla.com/f/page_viewtopic/t_2854914.html,2017,玛莎拉蒂,找不到,"58,000 mi",找不到,卖车,洛杉矶
https://www.chineseinla.com/f/page_viewtopic/t_2794481.html,2004,丰田,Tacoma,"260,000 mi","$8,500 ",卖车,洛杉矶
https://www.chineseinla.com/f/page_viewtopic/t_2854972.html,2024,特斯拉,特斯拉Y,"30,000 mi","$43,000 ",卖车,洛杉矶
https://www.chineseinla.com/f/page_viewtopic/t_2854634.html,2021,特斯拉,MODEL Y,"50,000 mi",找不到,卖车,洛杉矶
https://www.chineseinla.com/f/page_viewtopic/t_2855148.html,2012,本田,找不到,"130,000 mi","$3,000 ",卖车,洛杉矶
https://www.chineseinla.com/f/page_viewtopic/t_2855199.html,2003,凌志,ES300,"203,003","$2,200 ",卖车,洛杉矶
https://www.chineseinla.com/f/page_viewtopic/t_2798384.html,2020,五十铃,NPR HD,"12,000 mi","$45,000 ",卖车,洛杉矶
https://www.chineseinla.com/f/page_viewtopic/t_2855762.html,2010,丰田,Corolla,"200,000 mi","$3,000 ",卖车,洛杉矶
https://www.chineseinla.com/f/page_viewtopic/t_2852211.html,2020,奥迪,Q3 UT,"90,000 mi","$16,900 ",卖车,洛杉矶
https://www.chineseinla.com/f/page_viewtopic/t_2835778.html,2018,丰田,Prius,"90,000 mi","$12,900 ",卖车,洛杉矶
https://www.chineseinla.com/f/page_viewtopic/t_2840133.html,找不到,本田,找不到,"100,000 mi","$3,000 ",卖车,洛杉矶
https://www.chineseinla.com/f/page_viewtopic/t_2839468.html,2018,丰田,Prius,"90,000 mi","$12,900 ",卖车,洛杉矶
https://www.chineseinla.com/f/page_viewtopic/t_2812244.html,2018,丰田,Prius,"90,000 mi","$12,900 ",卖车,洛杉矶
https://www.chineseinla.com/f/page_viewtopic/t_2852568.html,2018,丰田,普锐斯/Prius,"90,000 mi","$12,900 ",卖车,洛杉矶
https://www.chineseinla.com/f/page_viewtopic/t_2854944.html,2008,雷克萨斯,RX400H,找不到,"$6,800 ",卖车,洛杉矶
https://www.chineseinla.com/f/page_viewtopic/t_2854640.html,2016,特斯拉,MODEL X,"60,000 mi",找不到,卖车,洛杉矶
https://www.chineseinla.com/f/page_viewtopic/t_2855229.html,2015,雷克萨斯,CT200h,"81,000 mi",找不到,卖车,洛杉矶
https://www.chineseinla.com/f/page_viewtopic/t_2852093.html,2018,奔驰,metris,"167,453 mi","$15,000 ",卖车,洛杉矶
https://www.chineseinla.com/f/page_viewtopic/t_2821539.html,2017,奥迪,Q7,找不到,"$12,700 ",卖车,洛杉矶
https://www.chineseinla.com/f/page_viewtopic/t_2848953.html,2017,奔驰,C300,"100,000 mi","$12,000 ",卖车,洛杉矶
https://www.chineseinla.com/f/page_viewtopic/t_2854913.html,2013,丰田,Prius,"60,000~100,000 mi","$6,000 ",卖车,洛杉矶
https://www.chineseinla.com/f/page_viewtopic/t_2855059.html,2013,雷克萨斯,CT200h,"60,000~100,000 mi","$6,000 ",卖车,洛杉矶
https://www.chineseinla.com/f/page_viewtopic/t_2853405.html,2014,现代,伊兰特,"100,000 mi","$3,980 ",卖车,洛杉矶
https://www.chineseinla.com/f/page_viewtopic/t_2854486.html,2006,丰田,Scion xB,"189,014","$2,200 ",卖车,洛杉矶
https://www.chineseinla.com/f/page_viewtopic/t_2854488.html,2019,丰田,Sienna,"160,000 mi",找不到,卖车,洛杉矶
https://www.chineseinla.com/f/page_viewtopic/t_970293.html,找不到,找不到,找不到,找不到,找不到,买车,洛杉矶
https://www.chineseinla.com/f/page_viewtopic/t_2854499.html,2013,丰田,Prius,"170,000 mi","$3,000 ",卖车,洛杉矶
https://www.chineseinla.com/f/page_viewtopic/t_2854341.html,2016,特斯拉,modely,"60,000 mi","$25,000 ",卖车,洛杉矶
https://www.chineseinla.com/f/page_viewtopic/t_2854782.html,2019,本田,找不到,"30,000~60,000 mi",找不到,卖车,洛杉矶
https://www.chineseinla.com/f/page_viewtopic/t_2852387.html,2012,尼桑,ALTIMA,"60,000~100,000 mi","$4,200 ",卖车,洛杉矶
https://www.chineseinla.com/f/page_viewtopic/t_2855285.html,2016,尼桑,天籁,"160,000 mi","$3,000 ",卖车,洛杉矶
https://www.chineseinla.com/f/page_viewtopic/t_2855122.html,2013,丰田,Prius,"135,000 mi","$8,200 ",卖车,洛杉矶
https://www.chineseinla.com/f/page_viewtopic/t_2855436.html,找不到,找不到,找不到,找不到,找不到,买车,洛杉矶
https://www.chineseinla.com/f/page_viewtopic/t_2852983.html,2017,尼桑,ROGUE S,"65,000 mi",找不到,卖车,洛杉矶
https://www.chineseinla.com/f/page_viewtopic/t_2845161.html,2012,本田,Accord,"160,000 mi","$6,000 ",卖车,洛杉矶
https://www.chineseinla.com/f/page_viewtopic/t_2849646.html,2006,丰田,Sienna,"110,000 mi","$6,000 ",卖车,洛杉矶
https://www.chineseinla.com/f/page_viewtopic/t_2849533.html,2009,奥迪,Q7,"170,000 mi","$5,990 ",卖车,洛杉矶
https://www.chineseinla.com/f/page_viewtopic/t_2832090.html,2019,本田,思域,"62,000 mi","$14,800 ",卖车,洛杉矶
https://www.chineseinla.com/f/page_viewtopic/t_2650348.html,2006,斯巴鲁,Scion TC,"140,000 mi","$5,900 ",卖车,洛杉矶
https://www.chineseinla.com/f/page_viewtopic/t_2837946.html,2014,丰田,Prius,"170,000 mi","$7,950 ",卖车,洛杉矶
https://www.chineseinla.com/f/page_viewtopic/t_2845116.html,2010,丰田,汉兰达,"100,000 mi","$6,000 ",卖车,洛杉矶
https://www.chineseinla.com/f/page_viewtopic/t_2850127.html,2010,丰田,Corolla,"180,000 mi",找不到,卖车,洛杉矶
https://www.chineseinla.com/f/page_viewtopic/t_2783333.html,2015,本田,Accord,"240,000 mi","$4,999 ",卖车,洛杉矶
https://www.chineseinla.com/f/page_viewtopic/t_2854247.html,2012,马自达,马自达3,"240,000 mi","$2,950 ",卖车,洛杉矶
https://www.chineseinla.com/f/page_viewtopic/t_2759424.html,2014,尼桑,sentra,"100,000 mi","$6,999 ",卖车,洛杉矶
https://www.chineseinla.com/f/page_viewtopic/t_2854305.html,找不到,找不到,找不到,找不到,找不到,买车,洛杉矶
https://www.chineseinla.com/f/page_viewtopic/t_2854312.html,2012,丰田,赛纳,找不到,"$7,500 ",卖车,洛杉矶
https://www.chineseinla.com/f/page_viewtopic/t_2854304.html,找不到,大众,7座商务车,"130,000 mi","$3,000 ",卖车,洛杉矶
https://www.chineseinla.com/f/page_viewtopic/t_2850486.html,2012,尼桑,Sentra,"120,000 mi","$4,900 ",卖车,洛杉矶
https://www.chineseinla.com/f/page_viewtopic/t_2851362.html,2010,丰田,Prius,"200,000 mi","$5,999 ",卖车,洛杉矶
https://www.chineseinla.com/f/page_viewtopic/t_2818400.html,找不到,丰田,三千,"200,000","$3,800 ",卖车,洛杉矶
https://www.chineseinla.com/f/page_viewtopic/t_2853218.html,2012,雷克萨斯,RX450H,"230,000 mi","$8,800 ",卖车,洛杉矶
https://www.chineseinla.com/f/page_viewtopic/t_2853038.html,2007,丰田,RAV4,"170,000 mi","$3,900 ",卖车,洛杉矶
https://www.chineseinla.com/f/page_viewtopic/t_2801544.html,找不到,特斯拉,Model 3,找不到,找不到,买车,洛杉矶
https://www.chineseinla.com/f/page_viewtopic/t_2852876.html,2012,现代,Hyundai Sonata,"136,000 mi","$3,000 ",卖车,洛杉矶
https://www.chineseinla.com/f/page_viewtopic/t_2854631.html,2016,马自达,Mazda6,"130,000 mi","$6,000 ",卖车,洛杉矶
https://www.chineseinla.com/f/page_viewtopic/t_2854637.html,2013,雷克萨斯,CT200,"130,000 mi",找不到,卖车,洛杉矶
https://www.chineseinla.com/f/page_viewtopic/t_2854643.html,2019,本田,HRV,"70,000 mi",找不到,卖车,洛杉矶
https://www.chineseinla.com/f/page_viewtopic/t_2854655.html,2013,丰田,Prius,找不到,"$6,000 ",卖车,洛杉矶
https://www.chineseinla.com/f/page_viewtopic/t_2846730.html,2015,丰田,Camry,"90,000 mi","$11,000 ",卖车,洛杉矶
https://www.chineseinla.com/f/page_viewtopic/t_2853562.html,2008,丰田,凯美瑞,"160,000 mi","$3,999 ",卖车,洛杉矶
https://www.chineseinla.com/f/page_viewtopic/t_2853568.html,找不到,美国车,牧马人,三万多迈,四万多美金,卖车,洛杉矶
https://www.chineseinla.com/f/page_viewtopic/t_2853576.html,2014,丰田,Sienna,"200,000 mi","$7,500 ",卖车,洛杉矶
https://www.chineseinla.com/f/page_viewtopic/t_2853652.html,找不到,德国车,小车,"100,000 mi","$3,000 ",卖车,洛杉矶
https://www.chineseinla.com/f/page_viewtopic/t_2852353.html,2013,雷克萨斯,CT200,"130,000 mi",找不到,卖车,洛杉矶
https://www.chineseinla.com/f/page_viewtopic/t_2812696.html,找不到,丰田,Camry,"100,000 mi","$3,000 ",卖车,洛杉矶
https://www.chineseinla.com/f/page_viewtopic/t_2853307.html,2012,尼桑,Nissan altima,"160,000 mi","$3,000 ",卖车,洛杉矶
https://www.chineseinla.com/f/page_viewtopic/t_2496898.html,2001,道奇,道奇皮卡,"186,000 mi","$3,000 ",卖车,洛杉矶
https://www.chineseinla.com/f/page_viewtopic/t_2840514.html,2013,丰田,Prius,"190,000 mi","$9,500 ",卖车,洛杉矶
https://www.chineseinla.com/f/page_viewtopic/t_2854040.html,找不到,日本车,找不到,"60,000~100,000 mi","$3,000 ",卖车,洛杉矶
https://www.chineseinla.com/f/page_viewtopic/t_2853181.html,2008,本田,Civic,"200,000 mi","$2,900 ",卖车,洛杉矶
https://www.chineseinla.com/f/page_viewtopic/t_2853839.html,2012,丰田,Sienna,"200,000 mi","$6,000 ",卖车,洛杉矶
https://www.chineseinla.com/f/page_viewtopic/t_2846218.html,2013,丰田,亚洲龙,"80,000 mi","$9,950 ",卖车,洛杉矶
https://www.chineseinla.com/f/page_viewtopic/t_2849853.html,2006,本田,Odyssey,"210,000 mi","$2,300 ",卖车,洛杉矶
https://www.chineseinla.com/f/page_viewtopic/t_2838239.html,2012,丰田,凯美瑞,"70,000 mi",找不到,卖车,洛杉矶
https://www.chineseinla.com/f/page_viewtopic/t_2854152.html,2006,本田,Odyssey,"124,770","$3,800 ",卖车,洛杉矶
https://www.chineseinla.com/f/page_viewtopic/t_2854155.html,2012,尼桑,ALTIMA 2.5,"200,000 mi","$3,000 ",卖车,洛杉矶
https://www.chineseinla.com/f/page_viewtopic/t_2839563.html,2016,斯巴鲁,Impreza,"80,000 mi",找不到,卖车,洛杉矶
https://www.chineseinla.com/f/page_viewtopic/t_2854192.html,2022,凯美瑞,XSE,"70,000 mi",找不到,卖车,洛杉矶
https://www.chineseinla.com/f/page_viewtopic/t_2853577.html,2013,讴歌,ILX,"90,000 mi","$9,999 ",卖车,洛杉矶
https://www.chineseinla.com/f/page_viewtopic/t_2843324.html,2001,福特,F150,找不到,"$13,800 ",卖车,洛杉矶
https://www.chineseinla.com/f/page_viewtopic/t_2853196.html,2012,马自达,马自达3,"240,000 mi","$2,950 ",卖车,洛杉矶
https://www.chineseinla.com/f/page_viewtopic/t_2785436.html,2018,马自达,CX-5,"120,000 mi","$11,900 ",卖车,洛杉矶
https://www.chineseinla.com/f/page_viewtopic/t_2852327.html,2019,雷克萨斯,nx300,47k,找不到,卖车,洛杉矶
https://www.chineseinla.com/f/page_viewtopic/t_2610432.html,找不到,丰田,Corolla,找不到,"$3,000 ",租车,洛杉矶
https://www.chineseinla.com/f/page_viewtopic/t_2852794.html,2011,丰田,sub,"216,000 mi","$6,000 ",卖车,洛杉矶
https://www.chineseinla.com/f/page_viewtopic/t_2852996.html,2017,现代,ACCENT,"110,000 mi","$4,500 ",卖车,洛杉矶
https://www.chineseinla.com/f/page_viewtopic/t_2850792.html,2021,丰田,VENZA,"70,000 mi",找不到,卖车,洛杉矶
https://www.chineseinla.com/f/page_viewtopic/t_2844658.html,2021,三菱,找不到,"70,000 mi","$9,980 ",卖车,洛杉矶
https://www.chineseinla.com/f/page_viewtopic/t_2827877.html,2021,丰田,Sienna LE,"10,000~30,000 mi",找不到,卖车,洛杉矶
https://www.chineseinla.com/f/page_viewtopic/t_2840430.html,2016,尼桑,聆风,"53,137 mi","$3,850 ",卖车,洛杉矶
https://www.chineseinla.com/f/page_viewtopic/t_2848277.html,找不到,丰田,Sienna,"100,000 mi","$3,000 ",卖车,洛杉矶
https://www.chineseinla.com/f/page_viewtopic/t_2828959.html,找不到,五十铃,日本五十铃货车,"100,000 mi",找不到,卖车,洛杉矶
https://www.chineseinla.com/f/page_viewtopic/t_2852151.html,2017,丰田,Corolla,"110,000 mi","$9,980 ",卖车,洛杉矶
https://www.chineseinla.com/f/page_viewtopic/t_2838386.html,2012,丰田,Camry SE,"130,000 mi","$9,800 ",卖车,洛杉矶
https://www.chineseinla.com/f/page_viewtopic/t_2853745.html,2017,大众,途观,"74,000 mi","$6,000 ",卖车,洛杉矶
https://www.chineseinla.com/f/page_viewtopic/t_2847546.html,2015,丰田,普锐斯Prius,"100,000 mi","$9,800 ",卖车,洛杉矶
https://www.chineseinla.com/f/page_viewtopic/t_2853500.html,2003,福特,Escape XLS,"146,065","$2,500 ",卖车,洛杉矶
https://www.chineseinla.com/f/page_viewtopic/t_2851987.html,2011,宝马,328i,"100,000 mi","$3,000 ",卖车,洛杉矶
https://www.chineseinla.com/f/page_viewtopic/t_2853508.html,2013,福特,找不到,"100,000 mi","$2,000 ",卖车,洛杉矶
https://www.chineseinla.com/f/page_viewtopic/t_2850732.html,2009,丰田,Corolla,找不到,"$3,000 ",卖车,洛杉矶
https://www.chineseinla.com/f/page_viewtopic/t_2848278.html,2014,尼桑,versa,"130,000 mi","$4,300 ",卖车,洛杉矶
https://www.chineseinla.com/f/page_viewtopic/t_2818259.html,2017,本田,Civic,"100,000 mi",找不到,卖车,洛杉矶
https://www.chineseinla.com/f/page_viewtopic/t_2852073.html,2015,丰田,Prius,找不到,"$6,900 ",卖车,洛杉矶
https://www.chineseinla.com/f/page_viewtopic/t_2811800.html,2003,本田,Odyssey,"140,000 mi","$2,200 ",卖车,洛杉矶
https://www.chineseinla.com/f/page_viewtopic/t_2850756.html,2009,丰田,Corolla,找不到,"$4,000 ",卖车,洛杉矶
https://www.chineseinla.com/f/page_viewtopic/t_2803621.html,2023,本田,CRV,"30,000 mi","$29,700 ",卖车,洛杉矶
https://www.chineseinla.com/f/page_viewtopic/t_2838458.html,2019,奔驰,GLC300,"50,000 mi","$22,800 ",卖车,洛杉矶
https://www.chineseinla.com/f/page_viewtopic/t_2852787.html,找不到,丰田,RAV4,"100,000 mi","$6,000 ",卖车,洛杉矶
https://www.chineseinla.com/f/page_viewtopic/t_2852831.html,找不到,丰田,找不到,"60,000~100,000 mi","$6,000 ",卖车,洛杉矶
https://www.chineseinla.com/f/page_viewtopic/t_2852838.html,2012,马自达,马自达3,"240,000 mi","$2,950 ",卖车,洛杉矶
https://www.chineseinla.com/f/page_viewtopic/t_2832478.html,17,尼桑,Sentra,"100,000 mi","$6,850 ",卖车,洛杉矶
https://www.chineseinla.com/f/page_viewtopic/t_2851721.html,找不到,本田,思域Coupe,"100,000 mi","$3,850 ",卖车,洛杉矶
https://www.chineseinla.com/f/page_viewtopic/t_2801752.html,找不到,丰田,Sienna,"190,000 mi","$4,900 ",卖车,洛杉矶
https://www.chineseinla.com/f/page_viewtopic/t_2845893.html,2007,宝马,BMW328,"140,000 mi","$3,000 ",卖车,洛杉矶
https://www.chineseinla.com/f/page_viewtopic/t_2851941.html,2011,宝马,找不到,"100,000 mi","$5,989 ",卖车,洛杉矶
https://www.chineseinla.com/f/page_viewtopic/t_2852966.html,2012,丰田,凯美瑞,"130,000 mi","$6,000 ",卖车,洛杉矶
https://www.chineseinla.com/f/page_viewtopic/t_2849729.html,2021,丰田,Sienna,"30,000 mi","$42,600 ",卖车,洛杉矶
https://www.chineseinla.com/f/page_viewtopic/t_2830361.html,2013,尼桑,Sentra,"165,000 mi","$3,000 ",卖车,洛杉矶
https://www.chineseinla.com/f/page_viewtopic/t_2846164.html,找不到,丰田,Sienna,"130,000 mi","$6,000 ",卖车,洛杉矶
https://www.chineseinla.com/f/page_viewtopic/t_2851953.html,2016,宝马,750i,"60,000 mi",找不到,卖车,洛杉矶
https://www.chineseinla.com/f/page_viewtopic/t_2821878.html,2020,奔驰,A220,"50,000 mi","$19,500 ",卖车,洛杉矶
https://www.chineseinla.com/f/page_viewtopic/t_2851865.html,2012,尼桑,ALTIMA,"200,000 mi","$3,000 ",卖车,洛杉矶
https://www.chineseinla.com/f/page_viewtopic/t_2851475.html,2012,马自达,马自达3,"240,000 mi","$2,950 ",卖车,洛杉矶
https://www.chineseinla.com/f/page_viewtopic/t_2756937.html,2006,丰田,Sienna,找不到,"$2,900 ",卖车,洛杉矶
https://www.chineseinla.com/f/page_viewtopic/t_2847636.html,2013,丰田,Corolla,"150,000 mi","$6,800 ",卖车,洛杉矶
https://www.chineseinla.com/f/page_viewtopic/t_2852325.html,2024,丰田,Prius,18000迈,找不到,卖车,洛杉矶
https://www.chineseinla.com/f/page_viewtopic/t_2852331.html,找不到,尼桑,贵士,"100,000 mi","$6,000 ",卖车,洛杉矶
https://www.chineseinla.com/f/page_viewtopic/t_2850526.html,找不到,其他,成人可折叠电动自行车,"10,000 mi","$3,000 ",卖车,洛杉矶
https://www.chineseinla.com/f/page_viewtopic/t_2852369.html,2007,丰田,Sienna,"100,000 mi","$3,000 ",卖车,洛杉矶
https://www.chineseinla.com/f/page_viewtopic/t_2852378.html,2012,丰田,Avalon,"120,000 mi",找不到,卖车,洛杉矶
https://www.chineseinla.com/f/page_viewtopic/t_2852096.html,找不到,奔驰,S550,"78,000 mi",找不到,卖车,洛杉矶
https://www.chineseinla.com/f/page_viewtopic/t_2852561.html,2019,丰田,Toyota塞纳,"166,000 mi",找不到,卖车,洛杉矶
https://www.chineseinla.com/f/page_viewtopic/t_2847726.html,找不到,找不到,找不到,找不到,"$3,000 ",卖车,洛杉矶
https://www.chineseinla.com/f/page_viewtopic/t_2847131.html,1998,美国车,Ford 350 RV,"10,000~30,000 mi",找不到,卖车,洛杉矶
https://www.chineseinla.com/f/page_viewtopic/t_2848084.html,找不到,本田,Civic,"140,000 mi","$4,500 ",卖车,洛杉矶
https://www.chineseinla.com/f/page_viewtopic/t_2851017.html,2017,道奇,RAM1500,"100,000 mi",找不到,卖车,洛杉矶
https://www.chineseinla.com/f/page_viewtopic/t_2851371.html,2016,尼桑,天籁,找不到,"$3,000 ",卖车,洛杉矶
https://www.chineseinla.com/f/page_viewtopic/t_2848382.html,2015,特斯拉,model S,"148,000 mi","$14,500 ",卖车,洛杉矶
https://www.chineseinla.com/f/page_viewtopic/t_2839838.html,2016,尼桑,Versa,"89,000 mi","$6,888 ",卖车,洛杉矶
https://www.chineseinla.com/f/page_viewtopic/t_2844622.html,2013,尼桑,quest,"115,000 mi","$7,850 ",卖车,洛杉矶
https://www.chineseinla.com/f/page_viewtopic/t_2846677.html,2014,丰田,普锐斯V,找不到,"$8,900 ",卖车,洛杉矶
https://www.chineseinla.com/f/page_viewtopic/t_2832210.html,2015,丰田,找不到,"100,000 mi",找不到,卖车,洛杉矶
https://www.chineseinla.com/f/page_viewtopic/t_2827827.html,2007,丰田,Camry,"105,000 mi","$5,700 ",卖车,洛杉矶
https://www.chineseinla.com/f/page_viewtopic/t_2850360.html,21,特斯拉,model Y,"50,000 mi",找不到,卖车,洛杉矶
https://www.chineseinla.com/f/page_viewtopic/t_2850867.html,2015,尼桑,Sentra Sedan,79k mile,"$6,900 ",卖车,洛杉矶
https://www.chineseinla.com/f/page_viewtopic/t_2734998.html,找不到,奔驰/宝马,找不到,"30,000~60,000 mi",找不到,买车,洛杉矶
https://www.chineseinla.com/f/page_viewtopic/t_2850903.html,2022,丰田,XSE运动款,"48,000 mi","$41,500 ",卖车,洛杉矶
https://www.chineseinla.com/f/page_viewtopic/t_2851631.html,2021,特斯拉,Model Y,"50,000 mi",找不到,卖车,洛杉矶
https://www.chineseinla.com/f/page_viewtopic/t_2851649.html,2016,本田,Odyssey SE,"154,300 mi","$10,000 ",卖车,洛杉矶
https://www.chineseinla.com/f/page_viewtopic/t_2846358.html,2010,本田,Honda Civic,"200,000 mi","$3,760 ",卖车,洛杉矶
https://www.chineseinla.com/f/page_viewtopic/t_2851660.html,2008,丰田,Corolla,找不到,"$3,000 ",卖车,洛杉矶
https://www.chineseinla.com/f/page_viewtopic/t_2851695.html,2018,福特,找不到,"100,000 mi",找不到,卖车,洛杉矶
https://www.chineseinla.com/f/page_viewtopic/t_2747481.html,找不到,本田,本田pilot,"250,000 mi","$3,000 ",卖车,洛杉矶
https://www.chineseinla.com/f/page_viewtopic/t_2851424.html,找不到,丰田,Prius,找不到,找不到,买车,洛杉矶
https://www.chineseinla.com/f/page_viewtopic/t_2851462.html,2016,宝马,X5,"110,000 mi","$13,800 ",卖车,洛杉矶
https://www.chineseinla.com/f/page_viewtopic/t_2843995.html,2014,本田,Accord,"110,000 mi","$6,900 ",卖车,洛杉矶
https://www.chineseinla.com/f/page_viewtopic/t_2851431.html,2011,雷克萨斯,Lexus,"160,000 mi","$6,300 ",卖车,洛杉矶
https://www.chineseinla.com/f/page_viewtopic/t_2851881.html,找不到,找不到,找不到,"10,000~30,000 mi",找不到,买车,洛杉矶
https://www.chineseinla.com/f/page_viewtopic/t_2831567.html,2009,福特,E350,"200,800","$7,900 ",卖车,洛杉矶
https://www.chineseinla.com/f/page_viewtopic/t_2848284.html,2012,丰田,汉兰达,找不到,找不到,卖车,洛杉矶
https://www.chineseinla.com/f/page_viewtopic/t_2847204.html,2014,丰田,Prius,"100,000 mi","$6,000 ",卖车,洛杉矶
https://www.chineseinla.com/f/page_viewtopic/t_2838960.html,2013,保时捷,Cayenne S,"90,000 mi",找不到,卖车,洛杉矶
https://www.chineseinla.com/f/page_viewtopic/t_2850013.html,2014,本田,accord,"190,000 mi","$6,000 ",卖车,洛杉矶
https://www.chineseinla.com/f/page_viewtopic/t_2846785.html,2013,丰田,普锐斯v,"150,000 mi","$6,000 ",卖车,洛杉矶
https://www.chineseinla.com/f/page_viewtopic/t_2840223.html,2022,丰田,塞纳 XLE,"100,000 mi","$3,000 ",租车,洛杉矶
https://www.chineseinla.com/f/page_viewtopic/t_2821879.html,找不到,三菱,翼神,找不到,找不到,租车,洛杉矶
https://www.chineseinla.com/f/page_viewtopic/t_2850328.html,1999,丰田,camry,"208,468 mi","$3,000 ",卖车,洛杉矶
https://www.chineseinla.com/f/page_viewtopic/t_2850688.html,2009,丰田,Corolla,"120,000 mi","$3,000 ",卖车,洛杉矶
https://www.chineseinla.com/f/page_viewtopic/t_2850253.html,2014,奔驰,c250,"60,000~100,000 mi",找不到,租车,洛杉矶
https://www.chineseinla.com/f/page_viewtopic/t_2846068.html,2012,本田,找不到,"130,000 mi","$3,000 ",卖车,洛杉矶
https://www.chineseinla.com/f/page_viewtopic/t_2851056.html,2015,尼桑,Versa,"90,000 mi","$6,000 ",卖车,洛杉矶
https://www.chineseinla.com/f/page_viewtopic/t_2850621.html,2010,雷克萨斯,HS250H,"80,000 mi","$12,000 ",卖车,洛杉矶
https://www.chineseinla.com/f/page_viewtopic/t_2850834.html,2011,丰田,VENZA,找不到,"$6,000 ",卖车,洛杉矶
https://www.chineseinla.com/f/page_viewtopic/t_2850832.html,2019,本田,hrv,"70,000 mi",找不到,卖车,洛杉矶
https://www.chineseinla.com/f/page_viewtopic/t_2850829.html,2020,马自达,CX-9,"70,000 mi",找不到,卖车,洛杉矶
https://www.chineseinla.com/f/page_viewtopic/t_2850836.html,2021,丰田,凯美瑞,"60,000~100,000 mi",找不到,卖车,洛杉矶
https://www.chineseinla.com/f/page_viewtopic/t_2850828.html,2019,本田,Accord,"80,000 mi",找不到,卖车,洛杉矶
https://www.chineseinla.com/f/page_viewtopic/t_2850815.html,2013,丰田,Prius,找不到,"$6,000 ",卖车,洛杉矶
https://www.chineseinla.com/f/page_viewtopic/t_2851125.html,2015,本田,Accord,"99,000 mi",找不到,卖车,洛杉矶
https://www.chineseinla.com/f/page_viewtopic/t_2851423.html,2014,丰田,丰田普锐斯V,"157,000 mi","$6,000 ",卖车,洛杉矶
https://www.chineseinla.com/f/page_viewtopic/t_2851428.html,2014,丰田,凯美瑞XLE,找不到,"$7,500 ",卖车,洛杉矶
https://www.chineseinla.com/f/page_viewtopic/t_2851419.html,2014,丰田,普锐斯V,"110,000 mi","$8,900 ",卖车,洛杉矶
https://www.chineseinla.com/f/page_viewtopic/t_2850812.html,2021,特斯拉,MODEL Y,"50,000 mi",找不到,卖车,洛杉矶
https://www.chineseinla.com/f/page_viewtopic/t_2814927.html,2015,宝马,X5,"66,000 mi","$16,000 ",卖车,洛杉矶
https://www.chineseinla.com/f/page_viewtopic/t_2844720.html,2008,马自达,Mazda6,"239,000 mi","$2,500 ",卖车,洛杉矶
https://www.chineseinla.com/f/page_viewtopic/t_2849731.html,2021,丰田,Sienna,"30,000 mi",找不到,卖车,洛杉矶
https://www.chineseinla.com/f/page_viewtopic/t_2842679.html,2015,雪佛兰,Volt,"114,000","$7,200 ",卖车,洛杉矶
https://www.chineseinla.com/f/page_viewtopic/t_2816459.html,找不到,特斯拉,找不到,找不到,找不到,买车,洛杉矶
https://www.chineseinla.com/f/page_viewtopic/t_2818525.html,找不到,本田,奥德赛,"140,000 mi","$15,800 ",卖车,洛杉矶
https://www.chineseinla.com/f/page_viewtopic/t_2834677.html,2016,本田,Accord,"120,000 mi","$6,900 ",卖车,洛杉矶
https://www.chineseinla.com/f/page_viewtopic/t_2841868.html,2022,本田,CRV EX-L,"27,000","$27,900 ",卖车,洛杉矶
https://www.chineseinla.com/f/page_viewtopic/t_2850224.html,2008,丰田,Prius,"100,000 mi","$3,000 ",卖车,洛杉矶
https://www.chineseinla.com/f/page_viewtopic/t_2830395.html,2021,福特,Mustang,"60,000 mi",找不到,卖车,洛杉矶
https://www.chineseinla.com/f/page_viewtopic/t_2850302.html,2008,丰田,Prius,"100,000 mi","$3,000 ",卖车,洛杉矶
https://www.chineseinla.com/f/page_viewtopic/t_2825331.html,2018,美国车,2018 Pacifica,"60,000~100,000 mi","$14,000 ",卖车,洛杉矶
https://www.chineseinla.com/f/page_viewtopic/t_2850337.html,2013,丰田,Sienna,"167,300 mi","$6,999 ",卖车,洛杉矶
https://www.chineseinla.com/f/page_viewtopic/t_2824185.html,找不到,本田,Accord,"100,000 mi","$3,000 ",卖车,洛杉矶
https://www.chineseinla.com/f/page_viewtopic/t_2850953.html,2017,丰田,Camry,"91,315",找不到,卖车,洛杉矶
